{"type":"FeatureCollection","features":[{"type":"Feature","geometry":{"type":"Point","coordinates":[34.90798,32.13902]},"properties":{"id":"geonames-295758","nameEn":"'Adanim","nameHe":"עדנים","regionEn":"Central District","regionHe":"מחוז המרכז","type":"locality"}},{"type":"Feature","geometry":{"type":"Point","coordinates":[35.17282,32.78486]},"properties":{"id":"geonames-8265550","nameEn":"'Adi","nameHe":"עֲדִי","regionEn":"Northern District","regionHe":"מחוז הצפון","type":"town"}},{"type":"Feature","geometry":{"type":"Point","coordinates":[34.91235,31.69772]},"properties":{"id":"geonames-295733","nameEn":"'Agur","nameHe":"עגור","regionEn":"Jerusalem","regionHe":"מחוז ירושלים","type":"locality"}},{"type":"Feature","geometry":{"type":"Point","coordinates":[35.62083,33.17867]},"properties":{"id":"geonames-295703","nameEn":"'Amir","nameHe":"עמיר","regionEn":"Northern District","regionHe":"מחוז הצפון","type":"locality"}},{"type":"Feature","geometry":{"type":"Point","coordinates":[35.14733,31.75212]},"properties":{"id":"geonames-295696","nameEn":"'Amminadav","nameHe":"עַמִּינָדָב","regionEn":"Jerusalem","regionHe":"מחוז ירושלים","type":"town"}},{"type":"Feature","geometry":{"type":"Point","coordinates":[35.09411,32.49553]},"properties":{"id":"geonames-295655","nameEn":"'Ar'ara","nameHe":"עַרְעָרָה","regionEn":"Haifa","regionHe":"מחוז חיפה","type":"city"}},{"type":"Feature","geometry":{"type":"Point","coordinates":[35.02274,31.16046]},"properties":{"id":"geonames-8374203","nameEn":"'Ar'ara BaNegev","nameHe":"עַרְעָרָה בַּנֶּגֶב","regionEn":"Southern District","regionHe":"מחוז הדרום","type":"town"}},{"type":"Feature","geometry":{"type":"Point","coordinates":[35.22836,33.08781]},"properties":{"id":"geonames-8066409","nameEn":"'Aramsha","nameHe":"עַרַבּ אל-עַרָמִשָׁה","regionEn":"Northern District","regionHe":"מחוז הצפון","type":"town"}},{"type":"Feature","geometry":{"type":"Point","coordinates":[34.77016,31.73503]},"properties":{"id":"geonames-295635","nameEn":"'Arugot","nameHe":"עֲרוּגוֹת","regionEn":"Southern District","regionHe":"מחוז הדרום","type":"town"}},{"type":"Feature","geometry":{"type":"Point","coordinates":[34.74739,31.82508]},"properties":{"id":"geonames-295632","nameEn":"'Aseret","nameHe":"עֲשֶׂרֶת","regionEn":"Central District","regionHe":"מחוז המרכז","type":"locality"}},{"type":"Feature","geometry":{"type":"Point","coordinates":[35.18033,33.04841]},"properties":{"id":"geonames-295612","nameEn":"'Avdon","nameHe":"עבדון","regionEn":"Northern District","regionHe":"מחוז הצפון","type":"locality"}},{"type":"Feature","geometry":{"type":"Point","coordinates":[34.69933,31.7507]},"properties":{"id":"geonames-295582","nameEn":"'Azriqam","nameHe":"עַזְרִיקָם","regionEn":"Southern District","regionHe":"מחוז הדרום","type":"town"}},{"type":"Feature","geometry":{"type":"Point","coordinates":[35.40029,32.83693]},"properties":{"id":"geonames-295291","nameEn":"'Eilabun","nameHe":"עֵילַבּוּ","regionEn":"Northern District","regionHe":"מחוז הצפון","type":"town"}},{"type":"Feature","geometry":{"type":"Point","coordinates":[35.39639,32.94137]},"properties":{"id":"geonames-295290","nameEn":"'Ein el Asad","nameHe":"עין אל אסד","regionEn":"Northern District","regionHe":"מחוז הצפון","type":"locality"}},{"type":"Feature","geometry":{"type":"Point","coordinates":[35.35303,32.72304]},"properties":{"id":"geonames-295285","nameEn":"'Ein Mahil","nameHe":"עֵין מָהִל","regionEn":"Northern District","regionHe":"מחוז הצפון","type":"town"}},{"type":"Feature","geometry":{"type":"Point","coordinates":[35.12064,31.79366]},"properties":{"id":"geonames-8183198","nameEn":"'Ein Naquba","nameHe":"עֵין נַקוּבָּא","regionEn":"Jerusalem","regionHe":"מחוז ירושלים","type":"town"}},{"type":"Feature","geometry":{"type":"Point","coordinates":[35.73131,33.23752]},"properties":{"id":"geonames-172119","nameEn":"'Ein Quniya","nameHe":"עין קניה","regionEn":"Northern District","regionHe":"מחוז הצפון","type":"town"}},{"type":"Feature","geometry":{"type":"Point","coordinates":[35.11528,31.7902]},"properties":{"id":"geonames-295284","nameEn":"'Ein Rafa","nameHe":"עין ראפה","regionEn":"Jerusalem","regionHe":"מחוז ירושלים","type":"town"}},{"type":"Feature","geometry":{"type":"Point","coordinates":[35.00902,32.48324]},"properties":{"id":"geonames-295204","nameEn":"'En 'Iron","nameHe":"עין עירון","regionEn":"Haifa","regionHe":"מחוז חיפה","type":"locality"}},{"type":"Feature","geometry":{"type":"Point","coordinates":[34.94483,32.62899]},"properties":{"id":"geonames-295225","nameEn":"'En Ayyala","nameHe":"עֵין אַיָּלָה","regionEn":"Haifa","regionHe":"מחוז חיפה","type":"town"}},{"type":"Feature","geometry":{"type":"Point","coordinates":[35.41703,32.65614]},"properties":{"id":"geonames-295223","nameEn":"'En Dor","nameHe":"עֵין דּוֹר","regionEn":"Northern District","regionHe":"מחוז הצפון","type":"town"}},{"type":"Feature","geometry":{"type":"Point","coordinates":[35.38443,31.45238]},"properties":{"id":"geonames-295220","nameEn":"'En Gedi","nameHe":"עין גדי","regionEn":"Southern District","regionHe":"מחוז הדרום","type":"locality"}},{"type":"Feature","geometry":{"type":"Point","coordinates":[35.63841,32.78269]},"properties":{"id":"geonames-295218","nameEn":"'En Gev","nameHe":"עין גב","regionEn":"Northern District","regionHe":"מחוז הצפון","type":"locality"}},{"type":"Feature","geometry":{"type":"Point","coordinates":[35.08412,32.62995]},"properties":{"id":"geonames-295214","nameEn":"'En Ha'Emeq","nameHe":"עין העמק","regionEn":"Northern District","regionHe":"מחוז הצפון","type":"locality"}},{"type":"Feature","geometry":{"type":"Point","coordinates":[34.93967,32.38629]},"properties":{"id":"geonames-295213","nameEn":"'En HaHoresh","nameHe":"עין החורש","regionEn":"Central District","regionHe":"מחוז המרכז","type":"locality"}},{"type":"Feature","geometry":{"type":"Point","coordinates":[35.50242,32.47037]},"properties":{"id":"geonames-295211","nameEn":"'En HaNaziv","nameHe":"עין הנצי”ב","regionEn":"Northern District","regionHe":"מחוז הצפון","type":"locality"}},{"type":"Feature","geometry":{"type":"Point","coordinates":[34.40165,31.35109]},"properties":{"id":"geonames-295207","nameEn":"'En HaShelosha","nameHe":"עין השלשה","regionEn":"Southern District","regionHe":"מחוז הדרום","type":"locality"}},{"type":"Feature","geometry":{"type":"Point","coordinates":[35.09917,32.59472]},"properties":{"id":"geonames-295206","nameEn":"'En HaShofet","nameHe":"עין השופט","regionEn":"Northern District","regionHe":"מחוז הצפון","type":"locality"}},{"type":"Feature","geometry":{"type":"Point","coordinates":[34.98362,32.70096]},"properties":{"id":"geonames-295205","nameEn":"'En Hod","nameHe":"עין הוד","regionEn":"Haifa","regionHe":"מחוז חיפה","type":"locality"}},{"type":"Feature","geometry":{"type":"Point","coordinates":[34.95304,32.67697]},"properties":{"id":"geonames-295203","nameEn":"'En Karmel","nameHe":"עין כרמל","regionEn":"Haifa","regionHe":"מחוז חיפה","type":"locality"}},{"type":"Feature","geometry":{"type":"Point","coordinates":[35.374,30.943]},"properties":{"id":"geonames-8430172","nameEn":"'En Tamar","nameHe":"עין תמר","regionEn":"Southern District","regionHe":"מחוז הדרום","type":"locality"}},{"type":"Feature","geometry":{"type":"Point","coordinates":[35.22982,33.00977]},"properties":{"id":"geonames-295181","nameEn":"'En Ya'aqov","nameHe":"עֵין יַעֲקֹב","regionEn":"Northern District","regionHe":"מחוז הצפון","type":"town"}},{"type":"Feature","geometry":{"type":"Point","coordinates":[35.23746,30.65817]},"properties":{"id":"geonames-295180","nameEn":"'En Yahav","nameHe":"עין יהב","regionEn":"Southern District","regionHe":"מחוז הדרום","type":"locality"}},{"type":"Feature","geometry":{"type":"Point","coordinates":[34.7194,31.69464]},"properties":{"id":"geonames-295178","nameEn":"'En Zurim","nameHe":"עין צורים","regionEn":"Southern District","regionHe":"מחוז הדרום","type":"locality"}},{"type":"Feature","geometry":{"type":"Point","coordinates":[34.93866,32.08318]},"properties":{"id":"geonames-295226","nameEn":"'Enat","nameHe":"עינת","regionEn":"Central District","regionHe":"מחוז המרכז","type":"locality"}},{"type":"Feature","geometry":{"type":"Point","coordinates":[35.10092,32.99556]},"properties":{"id":"geonames-295119","nameEn":"'Evron","nameHe":"עברון","regionEn":"Northern District","regionHe":"מחוז הצפון","type":"locality"}},{"type":"Feature","geometry":{"type":"Point","coordinates":[34.6714,31.737]},"properties":{"id":"geonames-8072917","nameEn":"'Ezer","nameHe":"עזר","regionEn":"Southern District","regionHe":"מחוז הדרום","type":"locality"}},{"type":"Feature","geometry":{"type":"Point","coordinates":[35.30043,30.8069]},"properties":{"id":"geonames-8430292","nameEn":"'Iddan","nameHe":"עדן","regionEn":"Southern District","regionHe":"מחוז הדרום","type":"locality"}},{"type":"Feature","geometry":{"type":"Point","coordinates":[35.25944,32.71639]},"properties":{"id":"geonames-294654","nameEn":"'Ilut","nameHe":"עִלּוּט","regionEn":"Northern District","regionHe":"מחוז הצפון","type":"town"}},{"type":"Feature","geometry":{"type":"Point","coordinates":[35.24195,30.80905]},"properties":{"id":"geonames-385076","nameEn":"'Ir Ovot","nameHe":"עיר אובות","regionEn":"Southern District","regionHe":"מחוז הדרום","type":"locality"}},{"type":"Feature","geometry":{"type":"Point","coordinates":[35.06509,32.71836]},"properties":{"id":"geonames-294642","nameEn":"'Isfiya","nameHe":"חוסיפה","regionEn":"Haifa","regionHe":"מחוז חיפה","type":"town"}},{"type":"Feature","geometry":{"type":"Point","coordinates":[34.98558,32.33199]},"properties":{"id":"geonames-293985","nameEn":"'Olesh","nameHe":"עֹלֶשׁ","regionEn":"Central District","regionHe":"מחוז המרכז","type":"town"}},{"type":"Feature","geometry":{"type":"Point","coordinates":[34.84766,31.26489]},"properties":{"id":"geonames-293982","nameEn":"'Omer","nameHe":"עֹמֶר","regionEn":"Southern District","regionHe":"מחוז הדרום","type":"town"}},{"type":"Feature","geometry":{"type":"Point","coordinates":[34.76483,31.593]},"properties":{"id":"geonames-293274","nameEn":"'Uza","nameHe":"עוזה","regionEn":"Southern District","regionHe":"מחוז הדרום","type":"locality"}},{"type":"Feature","geometry":{"type":"Point","coordinates":[35.32984,32.79212]},"properties":{"id":"geonames-293273","nameEn":"'Uzeir","nameHe":"עֻזֵיר","regionEn":"Northern District","regionHe":"מחוז הצפון","type":"town"}},{"type":"Feature","geometry":{"type":"Point","coordinates":[35.36253,31.19941]},"properties":{"id":"geonames-295224","nameEn":"`En Boqeq","nameHe":"עין בוקק","regionEn":"Southern District","regionHe":"מחוז הדרום","type":"town"}},{"type":"Feature","geometry":{"type":"Point","coordinates":[35.09619,32.90308]},"properties":{"id":"geonames-295212","nameEn":"`EnHaMifrats","nameHe":"עֵין הַמִּפְרָץ","regionEn":"Northern District","regionHe":"מחוז הצפון","type":"town"}},{"type":"Feature","geometry":{"type":"Point","coordinates":[35.246,30.79872]},"properties":{"id":"geonames-294813","nameEn":"`EnHatseva","nameHe":"עין חצבה","regionEn":"Southern District","regionHe":"מחוז הדרום","type":"locality"}},{"type":"Feature","geometry":{"type":"Point","coordinates":[35.28689,33.03837]},"properties":{"id":"geonames-8309033","nameEn":"Abbirim","nameHe":"אבירים","regionEn":"Northern District","regionHe":"מחוז הצפון","type":"locality"}},{"type":"Feature","geometry":{"type":"Point","coordinates":[35.1093,31.80592]},"properties":{"id":"geonames-295772","nameEn":"Abu Ghaush","nameHe":"אבו גוש","regionEn":"Jerusalem","regionHe":"מחוז ירושלים","type":"town"}},{"type":"Feature","geometry":{"type":"Point","coordinates":[35.17152,32.95891]},"properties":{"id":"geonames-295765","nameEn":"Abu Sinan","nameHe":"אַבּוּ סְנָן","regionEn":"Northern District","regionHe":"מחוז הצפון","type":"town"}},{"type":"Feature","geometry":{"type":"Point","coordinates":[35.07647,32.92814]},"properties":{"id":"geonames-295721","nameEn":"Acre","nameHe":"עכו","regionEn":"Northern District","regionHe":"מחוז הצפון","type":"city"}},{"type":"Feature","geometry":{"type":"Point","coordinates":[35.21018,33.07933]},"properties":{"id":"geonames-295759","nameEn":"Adamit","nameHe":"אדמית","regionEn":"Northern District","regionHe":"מחוז הצפון","type":"locality"}},{"type":"Feature","geometry":{"type":"Point","coordinates":[34.99564,31.66071]},"properties":{"id":"geonames-295754","nameEn":"Adderet","nameHe":"אדרת","regionEn":"Jerusalem","regionHe":"מחוז ירושלים","type":"locality"}},{"type":"Feature","geometry":{"type":"Point","coordinates":[35.2719,32.5491]},"properties":{"id":"geonames-295752","nameEn":"Addirim","nameHe":"אדירים","regionEn":"Northern District","regionHe":"מחוז הצפון","type":"locality"}},{"type":"Feature","geometry":{"type":"Point","coordinates":[35.12781,32.83889]},"properties":{"id":"geonames-295745","nameEn":"Afeq","nameHe":"אפק","regionEn":"Northern District","regionHe":"מחוז הצפון","type":"locality"}},{"type":"Feature","geometry":{"type":"Point","coordinates":[35.57776,32.68046]},"properties":{"id":"geonames-295743","nameEn":"Afiqim","nameHe":"אֲפִיקִים","regionEn":"Northern District","regionHe":"מחוז הצפון","type":"town"}},{"type":"Feature","geometry":{"type":"Point","coordinates":[35.2892,32.60907]},"properties":{"id":"geonames-295740","nameEn":"Afula","nameHe":"עפולה","regionEn":"Northern District","regionHe":"מחוז הצפון","type":"city"}},{"type":"Feature","geometry":{"type":"Point","coordinates":[34.87213,31.98133]},"properties":{"id":"geonames-295730","nameEn":"Ahi'ezer","nameHe":"אחיעזר","regionEn":"Central District","regionHe":"מחוז המרכז","type":"town"}},{"type":"Feature","geometry":{"type":"Point","coordinates":[35.17137,32.90836]},"properties":{"id":"geonames-295729","nameEn":"Ahihud","nameHe":"אחיהוד","regionEn":"Northern District","regionHe":"מחוז הצפון","type":"locality"}},{"type":"Feature","geometry":{"type":"Point","coordinates":[34.90739,31.93503]},"properties":{"id":"geonames-295728","nameEn":"Ahisamakh","nameHe":"אחיסמך","regionEn":"Central District","regionHe":"מחוז המרכז","type":"town"}},{"type":"Feature","geometry":{"type":"Point","coordinates":[34.99072,32.38873]},"properties":{"id":"geonames-295727","nameEn":"Ahituv","nameHe":"אחיטוב","regionEn":"Central District","regionHe":"מחוז המרכז","type":"town"}},{"type":"Feature","geometry":{"type":"Point","coordinates":[34.77009,31.55385]},"properties":{"id":"geonames-295726","nameEn":"Ahuzzam","nameHe":"אחוזם","regionEn":"Southern District","regionHe":"מחוז הדרום","type":"locality"}},{"type":"Feature","geometry":{"type":"Point","coordinates":[35.33834,32.64187]},"properties":{"id":"geonames-8139973","nameEn":"Ahuzzat Baraq","nameHe":"אחוזת ברק","regionEn":"Northern District","regionHe":"מחוז הצפון","type":"town"}},{"type":"Feature","geometry":{"type":"Point","coordinates":[35.22089,32.75742]},"properties":{"id":"geonames-8265539","nameEn":"Allon HaGalil","nameHe":"אלון הגליל","regionEn":"Northern District","regionHe":"מחוז הצפון","type":"town"}},{"type":"Feature","geometry":{"type":"Point","coordinates":[35.17138,32.73016]},"properties":{"id":"geonames-295716","nameEn":"Allone Abba","nameHe":"אלון אבא","regionEn":"Northern District","regionHe":"מחוז הצפון","type":"locality"}},{"type":"Feature","geometry":{"type":"Point","coordinates":[35.00276,32.51027]},"properties":{"id":"geonames-295715","nameEn":"AlloneYitshaq","nameHe":"אלוני יצחק","regionEn":"Haifa","regionHe":"מחוז חיפה","type":"locality"}},{"type":"Feature","geometry":{"type":"Point","coordinates":[35.1445,32.72082]},"properties":{"id":"geonames-295714","nameEn":"Allonim","nameHe":"אלונים","regionEn":"Northern District","regionHe":"מחוז הצפון","type":"locality"}},{"type":"Feature","geometry":{"type":"Point","coordinates":[35.6022,32.91246]},"properties":{"id":"geonames-295712","nameEn":"Almagor","nameHe":"אלמגור","regionEn":"Northern District","regionHe":"מחוז הצפון","type":"locality"}},{"type":"Feature","geometry":{"type":"Point","coordinates":[34.91505,31.28252]},"properties":{"id":"geonames-12156432","nameEn":"AlSayid Tribe","nameHe":"אל סייד","regionEn":"Southern District","regionHe":"מחוז הדרום","type":"town"}},{"type":"Feature","geometry":{"type":"Point","coordinates":[34.74338,31.65177]},"properties":{"id":"geonames-8072853","nameEn":"Alumma","nameHe":"אלומה","regionEn":"Southern District","regionHe":"מחוז הדרום","type":"locality"}},{"type":"Feature","geometry":{"type":"Point","coordinates":[35.54622,32.70654]},"properties":{"id":"geonames-295708","nameEn":"Alummot","nameHe":"אלומות","regionEn":"Northern District","regionHe":"מחוז הצפון","type":"locality"}},{"type":"Feature","geometry":{"type":"Point","coordinates":[35.54052,32.93035]},"properties":{"id":"geonames-295700","nameEn":"Ami'ad","nameHe":"עמיעד","regionEn":"Northern District","regionHe":"מחוז הצפון","type":"locality"}},{"type":"Feature","geometry":{"type":"Point","coordinates":[35.57151,32.90459]},"properties":{"id":"geonames-8140364","nameEn":"Amnun","nameHe":"אמנון","regionEn":"Northern District","regionHe":"מחוז הצפון","type":"locality"}},{"type":"Feature","geometry":{"type":"Point","coordinates":[35.52549,32.997]},"properties":{"id":"geonames-8629735","nameEn":"Amuka","nameHe":"עמוקה","regionEn":"Northern District","regionHe":"מחוז הצפון","type":"locality"}},{"type":"Feature","geometry":{"type":"Point","coordinates":[35.21282,31.25882]},"properties":{"id":"geonames-295657","nameEn":"Arad","nameHe":"עֲרָד","regionEn":"Southern District","regionHe":"מחוז הדרום","type":"city"}},{"type":"Feature","geometry":{"type":"Point","coordinates":[35.18449,32.1065]},"properties":{"id":"geonames-8199394","nameEn":"Ariel","nameHe":"אריאל","regionEn":"Judea and Samaria Area","regionHe":"יהודה ושומרון","type":"city"}},{"type":"Feature","geometry":{"type":"Point","coordinates":[34.81573,32.21324]},"properties":{"id":"geonames-8309973","nameEn":"Arsuf","nameHe":"ארסוף","regionEn":"Central District","regionHe":"מחוז המרכז","type":"locality"}},{"type":"Feature","geometry":{"type":"Point","coordinates":[34.69934,30.96409]},"properties":{"id":"geonames-6413457","nameEn":"Ashalim","nameHe":"אשלים","regionEn":"Southern District","regionHe":"מחוז הדרום","type":"locality"}},{"type":"Feature","geometry":{"type":"Point","coordinates":[34.64966,31.79213]},"properties":{"id":"geonames-295629","nameEn":"Ashdod","nameHe":"אשדוד","regionEn":"Southern District","regionHe":"מחוז הדרום","type":"city"}},{"type":"Feature","geometry":{"type":"Point","coordinates":[35.58117,32.65843]},"properties":{"id":"geonames-295625","nameEn":"Ashdot Ya'aqov Ihud","nameHe":"אשדות יעקב אחוד","regionEn":"Northern District","regionHe":"מחוז הצפון","type":"town"}},{"type":"Feature","geometry":{"type":"Point","coordinates":[35.58282,32.66363]},"properties":{"id":"geonames-295624","nameEn":"Ashdot Ya'aqov Me'uhad","nameHe":"אשדות יעקב מאחד","regionEn":"Northern District","regionHe":"מחוז הצפון","type":"locality"}},{"type":"Feature","geometry":{"type":"Point","coordinates":[34.57149,31.66926]},"properties":{"id":"geonames-295620","nameEn":"Ashkelon","nameHe":"אשקלון","regionEn":"Southern District","regionHe":"מחוז הדרום","type":"city"}},{"type":"Feature","geometry":{"type":"Point","coordinates":[34.94236,32.68889]},"properties":{"id":"geonames-295613","nameEn":"Atlit","nameHe":"עתלית","regionEn":"Haifa","regionHe":"מחוז חיפה","type":"town"}},{"type":"Feature","geometry":{"type":"Point","coordinates":[34.9936,32.53195]},"properties":{"id":"geonames-295607","nameEn":"Avi'el","nameHe":"אביאל","regionEn":"Haifa","regionHe":"מחוז חיפה","type":"locality"}},{"type":"Feature","geometry":{"type":"Point","coordinates":[35.01767,31.68161]},"properties":{"id":"geonames-295606","nameEn":"Avi'ezer","nameHe":"אביעזר","regionEn":"Jerusalem","regionHe":"מחוז ירושלים","type":"locality"}},{"type":"Feature","geometry":{"type":"Point","coordinates":[34.7444,31.71083]},"properties":{"id":"geonames-295605","nameEn":"Avigdor","nameHe":"אביגדור","regionEn":"Southern District","regionHe":"מחוז הדרום","type":"locality"}},{"type":"Feature","geometry":{"type":"Point","coordinates":[35.47228,33.08892]},"properties":{"id":"geonames-295598","nameEn":"Avivim","nameHe":"אביבים","regionEn":"Northern District","regionHe":"מחוז הצפון","type":"locality"}},{"type":"Feature","geometry":{"type":"Point","coordinates":[34.33076,31.19531]},"properties":{"id":"geonames-8068368","nameEn":"Avshalom","nameHe":"אבשלום","regionEn":"Southern District","regionHe":"מחוז הדרום","type":"locality"}},{"type":"Feature","geometry":{"type":"Point","coordinates":[35.34893,32.83709]},"properties":{"id":"geonames-386219","nameEn":"Avtalyon","nameHe":"אבטליון","regionEn":"Northern District","regionHe":"מחוז הצפון","type":"locality"}},{"type":"Feature","geometry":{"type":"Point","coordinates":[35.57716,33.02224]},"properties":{"id":"geonames-295587","nameEn":"Ayyelet HaShahar","nameHe":"אילת השחר","regionEn":"Northern District","regionHe":"מחוז הצפון","type":"town"}},{"type":"Feature","geometry":{"type":"Point","coordinates":[34.80632,32.0243]},"properties":{"id":"geonames-295584","nameEn":"Azor","nameHe":"אזור","regionEn":"Tel Aviv","regionHe":"מחוז תל אביב","type":"town"}},{"type":"Feature","geometry":{"type":"Point","coordinates":[35.01862,32.35082]},"properties":{"id":"geonames-295576","nameEn":"Bahan","nameHe":"בַּחַן","regionEn":"Central District","regionHe":"מחוז המרכז","type":"town"}},{"type":"Feature","geometry":{"type":"Point","coordinates":[35.29651,32.63035]},"properties":{"id":"geonames-295573","nameEn":"Balfouriyya","nameHe":"בלפוריה","regionEn":"Northern District","regionHe":"מחוז הצפון","type":"locality"}},{"type":"Feature","geometry":{"type":"Point","coordinates":[35.04312,32.41806]},"properties":{"id":"geonames-295571","nameEn":"Baqa el Gharbiya","nameHe":"באקה אל-גרביה","regionEn":"Haifa","regionHe":"מחוז חיפה","type":"city"}},{"type":"Feature","geometry":{"type":"Point","coordinates":[35.07296,31.72973]},"properties":{"id":"geonames-295562","nameEn":"Bar Giyyora","nameHe":"בר גיורה","regionEn":"Jerusalem","regionHe":"מחוז ירושלים","type":"locality"}},{"type":"Feature","geometry":{"type":"Point","coordinates":[35.44419,32.99848]},"properties":{"id":"geonames-8309435","nameEn":"Bar Yuhay","nameHe":"בַּר יוֹחַאי","regionEn":"Northern District","regionHe":"מחוז הצפון","type":"town"}},{"type":"Feature","geometry":{"type":"Point","coordinates":[35.2652,32.54277]},"properties":{"id":"geonames-295568","nameEn":"Baraq","nameHe":"ברק","regionEn":"Northern District","regionHe":"מחוז הצפון","type":"locality"}},{"type":"Feature","geometry":{"type":"Point","coordinates":[34.94416,32.01839]},"properties":{"id":"geonames-295565","nameEn":"Bareqet","nameHe":"בַּרֶקֶת","regionEn":"Central District","regionHe":"מחוז המרכז","type":"town"}},{"type":"Feature","geometry":{"type":"Point","coordinates":[35.02966,32.4751]},"properties":{"id":"geonames-295558","nameEn":"Barqay","nameHe":"ברקאי","regionEn":"Haifa","regionHe":"מחוז חיפה","type":"locality"}},{"type":"Feature","geometry":{"type":"Point","coordinates":[35.10059,32.52904]},"properties":{"id":"geonames-12156812","nameEn":"Basma","nameHe":"בסמה","regionEn":"Haifa","regionHe":"מחוז חיפה","type":"town"}},{"type":"Feature","geometry":{"type":"Point","coordinates":[35.15716,32.73898]},"properties":{"id":"geonames-295553","nameEn":"Basmat Tab'un","nameHe":"בסמת טבעון","regionEn":"Northern District","regionHe":"מחוז הצפון","type":"town"}},{"type":"Feature","geometry":{"type":"Point","coordinates":[34.59661,31.64773]},"properties":{"id":"geonames-8071778","nameEn":"Bat Hadar","nameHe":"בת הדר","regionEn":"Southern District","regionHe":"מחוז הדרום","type":"locality"}},{"type":"Feature","geometry":{"type":"Point","coordinates":[35.01272,32.33307]},"properties":{"id":"geonames-8141252","nameEn":"Bat Hefer","nameHe":"בַּת חֵפֶר","regionEn":"Central District","regionHe":"מחוז המרכז","type":"town"}},{"type":"Feature","geometry":{"type":"Point","coordinates":[34.87197,32.36055]},"properties":{"id":"geonames-10194022","nameEn":"Bat Hen","nameHe":"בת חן","regionEn":"Central District","regionHe":"מחוז המרכז","type":"locality"}},{"type":"Feature","geometry":{"type":"Point","coordinates":[34.75185,32.02379]},"properties":{"id":"geonames-295548","nameEn":"Bat Yam","nameHe":"בת ים","regionEn":"Tel Aviv","regionHe":"מחוז תל אביב","type":"city"}},{"type":"Feature","geometry":{"type":"Point","coordinates":[34.87676,32.21412]},"properties":{"id":"geonames-295545","nameEn":"Batsra","nameHe":"בצרה","regionEn":"Central District","regionHe":"מחוז המרכז","type":"town"}},{"type":"Feature","geometry":{"type":"Point","coordinates":[34.60978,31.69973]},"properties":{"id":"geonames-12031827","nameEn":"Be'er Ganim","nameHe":"באר גנים","regionEn":"Southern District","regionHe":"מחוז הדרום","type":"town"}},{"type":"Feature","geometry":{"type":"Point","coordinates":[34.987,29.71]},"properties":{"id":"geonames-295536","nameEn":"Be'er Ora","nameHe":"בְּאֵר אוֹרָה","regionEn":"Southern District","regionHe":"מחוז הדרום","type":"town"}},{"type":"Feature","geometry":{"type":"Point","coordinates":[34.72389,31.73501]},"properties":{"id":"geonames-293009","nameEn":"Be'er Toviyya","nameHe":"באר טוביה","regionEn":"Southern District","regionHe":"מחוז הדרום","type":"town"}},{"type":"Feature","geometry":{"type":"Point","coordinates":[34.83749,31.93864]},"properties":{"id":"geonames-295525","nameEn":"Be'er Ya'aqov","nameHe":"באר יעקב","regionEn":"Central District","regionHe":"מחוז המרכז","type":"city"}},{"type":"Feature","geometry":{"type":"Point","coordinates":[34.49163,31.42426]},"properties":{"id":"geonames-295538","nameEn":"Be'eri","nameHe":"בארי","regionEn":"Southern District","regionHe":"מחוז הדרום","type":"town"}},{"type":"Feature","geometry":{"type":"Point","coordinates":[34.98324,32.32111]},"properties":{"id":"geonames-295535","nameEn":"Be'erotayim","nameHe":"בְּאֵרוֹתַיִם","regionEn":"Central District","regionHe":"מחוז המרכז","type":"town"}},{"type":"Feature","geometry":{"type":"Point","coordinates":[34.7913,31.25181]},"properties":{"id":"geonames-295530","nameEn":"Beersheba","nameHe":"באר שבע","regionEn":"Southern District","regionHe":"מחוז הדרום","type":"city"}},{"type":"Feature","geometry":{"type":"Point","coordinates":[34.87357,32.37623]},"properties":{"id":"geonames-295457","nameEn":"Beit Herut","nameHe":"בית חרות","regionEn":"Central District","regionHe":"מחוז המרכז","type":"locality"}},{"type":"Feature","geometry":{"type":"Point","coordinates":[35.12999,31.87581]},"properties":{"id":"geonames-8199387","nameEn":"Beit Horon","nameHe":"בֵּית חוֹרוֹן","regionEn":"Israel","regionHe":"ישראל","type":"town"}},{"type":"Feature","geometry":{"type":"Point","coordinates":[35.38152,32.96464]},"properties":{"id":"geonames-295523","nameEn":"Beit Jann","nameHe":"בית ג’ן","regionEn":"Northern District","regionHe":"מחוז הצפון","type":"town"}},{"type":"Feature","geometry":{"type":"Point","coordinates":[35.12562,33.00697]},"properties":{"id":"geonames-295518","nameEn":"Ben 'Ammi","nameHe":"בן עמי","regionEn":"Northern District","regionHe":"מחוז הצפון","type":"locality"}},{"type":"Feature","geometry":{"type":"Point","coordinates":[34.922,31.95281]},"properties":{"id":"geonames-295508","nameEn":"Ben Shemen","nameHe":"בן שמן","regionEn":"Central District","regionHe":"מחוז המרכז","type":"locality"}},{"type":"Feature","geometry":{"type":"Point","coordinates":[34.72747,31.85612]},"properties":{"id":"geonames-295504","nameEn":"Ben Zakkay","nameHe":"בֶּן זַכַּאי","regionEn":"Central District","regionHe":"מחוז המרכז","type":"town"}},{"type":"Feature","geometry":{"type":"Point","coordinates":[34.92579,31.82902]},"properties":{"id":"geonames-295501","nameEn":"Beqoa'","nameHe":"בקוע","regionEn":"Jerusalem","regionHe":"מחוז ירושלים","type":"locality"}},{"type":"Feature","geometry":{"type":"Point","coordinates":[34.6258,31.66895]},"properties":{"id":"geonames-295497","nameEn":"Berekhya","nameHe":"בֶּרֶכְיָה","regionEn":"Southern District","regionHe":"מחוז הדרום","type":"town"}},{"type":"Feature","geometry":{"type":"Point","coordinates":[34.64664,31.55764]},"properties":{"id":"geonames-295492","nameEn":"Beror Hayil","nameHe":"בְּרוֹר חַיִל","regionEn":"Southern District","regionHe":"מחוז הדרום","type":"locality"}},{"type":"Feature","geometry":{"type":"Point","coordinates":[34.63395,31.37121]},"properties":{"id":"geonames-295491","nameEn":"Berosh","nameHe":"ברוש","regionEn":"Southern District","regionHe":"מחוז הדרום","type":"locality"}},{"type":"Feature","geometry":{"type":"Point","coordinates":[34.93459,31.99622]},"properties":{"id":"geonames-295480","nameEn":"Bet 'Arif","nameHe":"בֵּית עָרִיף","regionEn":"Central District","regionHe":"מחוז המרכז","type":"town"}},{"type":"Feature","geometry":{"type":"Point","coordinates":[34.65594,31.73606]},"properties":{"id":"geonames-295471","nameEn":"Bet 'Ezra","nameHe":"בֵּית עֶזְרָא","regionEn":"Southern District","regionHe":"מחוז הדרום","type":"town"}},{"type":"Feature","geometry":{"type":"Point","coordinates":[34.7741,31.92206]},"properties":{"id":"geonames-295440","nameEn":"Bet 'Oved","nameHe":"בית עובד","regionEn":"Central District","regionHe":"מחוז המרכז","type":"locality"}},{"type":"Feature","geometry":{"type":"Point","coordinates":[34.90483,31.87039]},"properties":{"id":"geonames-295427","nameEn":"Bet 'Uzi'el","nameHe":"בית עוזיאל","regionEn":"Central District","regionHe":"מחוז המרכז","type":"locality"}},{"type":"Feature","geometry":{"type":"Point","coordinates":[35.43068,32.51609]},"properties":{"id":"geonames-295484","nameEn":"Bet Alfa","nameHe":"בית אלפא","regionEn":"Northern District","regionHe":"מחוז הצפון","type":"town"}},{"type":"Feature","geometry":{"type":"Point","coordinates":[34.82977,32.00191]},"properties":{"id":"geonames-295475","nameEn":"Bet Dagan","nameHe":"בית דגן","regionEn":"Central District","regionHe":"מחוז המרכז","type":"town"}},{"type":"Feature","geometry":{"type":"Point","coordinates":[34.80368,31.84429]},"properties":{"id":"geonames-295473","nameEn":"Bet El'azari","nameHe":"בית אלעזרי","regionEn":"Central District","regionHe":"מחוז המרכז","type":"town"}},{"type":"Feature","geometry":{"type":"Point","coordinates":[34.76249,31.85555]},"properties":{"id":"geonames-295470","nameEn":"Bet Gamli'el","nameHe":"בֵּית גַּמְלִיאֵל","regionEn":"Central District","regionHe":"מחוז המרכז","type":"town"}},{"type":"Feature","geometry":{"type":"Point","coordinates":[34.89571,31.61294]},"properties":{"id":"geonames-295467","nameEn":"Bet Guvrin","nameHe":"בית גברין","regionEn":"Southern District","regionHe":"מחוז הדרום","type":"town"}},{"type":"Feature","geometry":{"type":"Point","coordinates":[34.60601,31.42516]},"properties":{"id":"geonames-295464","nameEn":"Bet HaGaddi","nameHe":"בית הגדי","regionEn":"Southern District","regionHe":"מחוז הדרום","type":"locality"}},{"type":"Feature","geometry":{"type":"Point","coordinates":[34.77304,31.93432]},"properties":{"id":"geonames-295460","nameEn":"Bet Hanan","nameHe":"בית חנן","regionEn":"Central District","regionHe":"מחוז המרכז","type":"locality"}},{"type":"Feature","geometry":{"type":"Point","coordinates":[34.92596,32.52913]},"properties":{"id":"geonames-295459","nameEn":"Bet Hananya","nameHe":"בית חנניה","regionEn":"Haifa","regionHe":"מחוז חיפה","type":"locality"}},{"type":"Feature","geometry":{"type":"Point","coordinates":[35.43874,32.55131]},"properties":{"id":"geonames-295458","nameEn":"Bet HaShitta","nameHe":"בית השטה","regionEn":"Northern District","regionHe":"מחוז הצפון","type":"town"}},{"type":"Feature","geometry":{"type":"Point","coordinates":[34.91673,31.88969]},"properties":{"id":"geonames-390265","nameEn":"Bet Hashmonay","nameHe":"בית השמונאי","regionEn":"Central District","regionHe":"מחוז המרכז","type":"town"}},{"type":"Feature","geometry":{"type":"Point","coordinates":[35.60697,33.20855]},"properties":{"id":"geonames-295456","nameEn":"Bet Hillel","nameHe":"בית הלל","regionEn":"Northern District","regionHe":"מחוז הצפון","type":"locality"}},{"type":"Feature","geometry":{"type":"Point","coordinates":[34.81048,31.79281]},"properties":{"id":"geonames-295455","nameEn":"Bet Hilqiyya","nameHe":"בית חלקיה","regionEn":"Central District","regionHe":"מחוז המרכז","type":"town"}},{"type":"Feature","geometry":{"type":"Point","coordinates":[35.03689,31.79393]},"properties":{"id":"geonames-295449","nameEn":"Bet Me'ir","nameHe":"בית מאיר","regionEn":"Jerusalem","regionHe":"מחוז ירושלים","type":"locality"}},{"type":"Feature","geometry":{"type":"Point","coordinates":[35.12595,31.80452]},"properties":{"id":"geonames-295447","nameEn":"Bet Neqofa","nameHe":"בית נקופה","regionEn":"Jerusalem","regionHe":"מחוז ירושלים","type":"locality"}},{"type":"Feature","geometry":{"type":"Point","coordinates":[34.87382,31.64747]},"properties":{"id":"geonames-295442","nameEn":"Bet Nir","nameHe":"בית ניר","regionEn":"Southern District","regionHe":"מחוז הדרום","type":"locality"}},{"type":"Feature","geometry":{"type":"Point","coordinates":[34.76235,31.44749]},"properties":{"id":"geonames-295439","nameEn":"Bet Qama","nameHe":"בית קמה","regionEn":"Southern District","regionHe":"מחוז הדרום","type":"town"}},{"type":"Feature","geometry":{"type":"Point","coordinates":[35.39516,32.71869]},"properties":{"id":"geonames-295438","nameEn":"Bet Qeshet","nameHe":"בית קשת","regionEn":"Northern District","regionHe":"מחוז הצפון","type":"locality"}},{"type":"Feature","geometry":{"type":"Point","coordinates":[34.72937,31.81677]},"properties":{"id":"geonames-295437","nameEn":"Bet Rabban","nameHe":"בית רבן","regionEn":"Central District","regionHe":"מחוז המרכז","type":"town"}},{"type":"Feature","geometry":{"type":"Point","coordinates":[35.32766,32.77995]},"properties":{"id":"geonames-386195","nameEn":"Bet Rimmon","nameHe":"בית רמון","regionEn":"Northern District","regionHe":"מחוז הצפון","type":"locality"}},{"type":"Feature","geometry":{"type":"Point","coordinates":[35.49632,32.49728]},"properties":{"id":"geonames-295435","nameEn":"Bet She'an","nameHe":"בית שאן","regionEn":"Northern District","regionHe":"מחוז הצפון","type":"town"}},{"type":"Feature","geometry":{"type":"Point","coordinates":[34.99293,31.73072]},"properties":{"id":"geonames-295432","nameEn":"Bet Shemesh","nameHe":"בית שמש","regionEn":"Jerusalem","regionHe":"מחוז ירושלים","type":"city"}},{"type":"Feature","geometry":{"type":"Point","coordinates":[34.60636,31.63589]},"properties":{"id":"geonames-295430","nameEn":"Bet Shiqma","nameHe":"בית שקמה","regionEn":"Southern District","regionHe":"מחוז הדרום","type":"locality"}},{"type":"Feature","geometry":{"type":"Point","coordinates":[34.8635,32.38091]},"properties":{"id":"geonames-295426","nameEn":"Bet Yannay","nameHe":"בית ינאי","regionEn":"Central District","regionHe":"מחוז המרכז","type":"locality"}},{"type":"Feature","geometry":{"type":"Point","coordinates":[34.86414,32.25942]},"properties":{"id":"geonames-295425","nameEn":"Bet Yehoshua'","nameHe":"בית יהושע","regionEn":"Central District","regionHe":"מחוז המרכז","type":"town"}},{"type":"Feature","geometry":{"type":"Point","coordinates":[35.55227,32.55836]},"properties":{"id":"geonames-295423","nameEn":"Bet Yosef","nameHe":"בית יוסף","regionEn":"Northern District","regionHe":"מחוז הצפון","type":"locality"}},{"type":"Feature","geometry":{"type":"Point","coordinates":[35.16161,31.78233]},"properties":{"id":"geonames-295421","nameEn":"Bet Zayit","nameHe":"בית זית","regionEn":"Jerusalem","regionHe":"מחוז ירושלים","type":"town"}},{"type":"Feature","geometry":{"type":"Point","coordinates":[35.57281,32.6886]},"properties":{"id":"geonames-295419","nameEn":"Bet Zera'","nameHe":"בית זרע","regionEn":"Northern District","regionHe":"מחוז הצפון","type":"locality"}},{"type":"Feature","geometry":{"type":"Point","coordinates":[34.93012,32.35285]},"properties":{"id":"geonames-295461","nameEn":"BetHaLevi","nameHe":"בית הלוי","regionEn":"Central District","regionHe":"מחוז המרכז","type":"locality"}},{"type":"Feature","geometry":{"type":"Point","coordinates":[35.13473,33.07144]},"properties":{"id":"geonames-295416","nameEn":"Betset","nameHe":"בצת","regionEn":"Northern District","regionHe":"מחוז הצפון","type":"locality"}},{"type":"Feature","geometry":{"type":"Point","coordinates":[34.88878,32.32751]},"properties":{"id":"geonames-295424","nameEn":"BetYitshaq","nameHe":"בית יצחק","regionEn":"Central District","regionHe":"מחוז המרכז","type":"town"}},{"type":"Feature","geometry":{"type":"Point","coordinates":[34.89052,32.33462]},"properties":{"id":"geonames-293580","nameEn":"BetYitshaqSha'arHefer","nameHe":"בית יצחק שער חפר","regionEn":"Central District","regionHe":"מחוז המרכז","type":"town"}},{"type":"Feature","geometry":{"type":"Point","coordinates":[35.27157,32.93066]},"properties":{"id":"geonames-295411","nameEn":"Bi'na","nameHe":"בענה","regionEn":"Northern District","regionHe":"מחוז הצפון","type":"town"}},{"type":"Feature","geometry":{"type":"Point","coordinates":[34.94499,32.5232]},"properties":{"id":"geonames-295410","nameEn":"Binyamina","nameHe":"בנימינה","regionEn":"Haifa","regionHe":"מחוז חיפה","type":"town"}},{"type":"Feature","geometry":{"type":"Point","coordinates":[34.95398,32.51824]},"properties":{"id":"geonames-12156557","nameEn":"Binyamina-Giv'at Ada","nameHe":"בִּנְיָמִינָה-גִּבְעַת עָדָה","regionEn":"Haifa","regionHe":"מחוז חיפה","type":"town"}},{"type":"Feature","geometry":{"type":"Point","coordinates":[35.22069,32.77732]},"properties":{"id":"geonames-295404","nameEn":"Bir el Maksur","nameHe":"ביר אל מכסור","regionEn":"Northern District","regionHe":"מחוז הצפון","type":"town"}},{"type":"Feature","geometry":{"type":"Point","coordinates":[34.70857,31.02416]},"properties":{"id":"geonames-12156436","nameEn":"Bir Hadaj","nameHe":"ביר הדאג'","regionEn":"Southern District","regionHe":"מחוז הדרום","type":"town"}},{"type":"Feature","geometry":{"type":"Point","coordinates":[35.49973,32.97832]},"properties":{"id":"geonames-295402","nameEn":"Biriyya","nameHe":"ביריה","regionEn":"Northern District","regionHe":"מחוז הצפון","type":"locality"}},{"type":"Feature","geometry":{"type":"Point","coordinates":[34.86956,32.36567]},"properties":{"id":"geonames-295400","nameEn":"Bitan Aharon","nameHe":"ביתן אהרן","regionEn":"Central District","regionHe":"מחוז המרכז","type":"locality"}},{"type":"Feature","geometry":{"type":"Point","coordinates":[34.63371,31.33431]},"properties":{"id":"geonames-295398","nameEn":"Bitha","nameHe":"בטחה","regionEn":"Southern District","regionHe":"מחוז הדרום","type":"locality"}},{"type":"Feature","geometry":{"type":"Point","coordinates":[34.72806,31.79446]},"properties":{"id":"geonames-295395","nameEn":"Bizzaron","nameHe":"ביצרון","regionEn":"Southern District","regionHe":"מחוז הדרום","type":"town"}},{"type":"Feature","geometry":{"type":"Point","coordinates":[34.91288,32.02364]},"properties":{"id":"geonames-295516","nameEn":"Bne`Atarot","nameHe":"בְּנֵי עֲטָרוֹת","regionEn":"Central District","regionHe":"מחוז המרכז","type":"locality"}},{"type":"Feature","geometry":{"type":"Point","coordinates":[34.69235,31.82034]},"properties":{"id":"geonames-295512","nameEn":"BneDarom","nameHe":"בני דרום","regionEn":"Central District","regionHe":"מחוז המרכז","type":"locality"}},{"type":"Feature","geometry":{"type":"Point","coordinates":[34.90196,32.2615]},"properties":{"id":"geonames-295511","nameEn":"BneDror","nameHe":"בְּנֵי דְּרוֹר","regionEn":"Central District","regionHe":"מחוז המרכז","type":"town"}},{"type":"Feature","geometry":{"type":"Point","coordinates":[34.759,31.79]},"properties":{"id":"geonames-295515","nameEn":"Bnei Ayish","nameHe":"בני עיש","regionEn":"Central District","regionHe":"מחוז המרכז","type":"town"}},{"type":"Feature","geometry":{"type":"Point","coordinates":[34.8338,32.08074]},"properties":{"id":"geonames-295514","nameEn":"Bnei Brak","nameHe":"בני ברק","regionEn":"Tel Aviv","regionHe":"מחוז תל אביב","type":"city"}},{"type":"Feature","geometry":{"type":"Point","coordinates":[34.79105,31.77029]},"properties":{"id":"geonames-295510","nameEn":"BneRe'em","nameHe":"בְּנֵי רְאֵם","regionEn":"Central District","regionHe":"מחוז המרכז","type":"town"}},{"type":"Feature","geometry":{"type":"Point","coordinates":[35.36987,32.80966]},"properties":{"id":"geonames-11979636","nameEn":"Bu'ayna-Nujaydat","nameHe":"בועיינה-נוג'ידאת","regionEn":"Northern District","regionHe":"מחוז הצפון","type":"town"}},{"type":"Feature","geometry":{"type":"Point","coordinates":[35.36486,32.80636]},"properties":{"id":"geonames-295380","nameEn":"Bu`eina","nameHe":"בעינה","regionEn":"Northern District","regionHe":"מחוז הצפון","type":"town"}},{"type":"Feature","geometry":{"type":"Point","coordinates":[35.33345,32.97747]},"properties":{"id":"geonames-295379","nameEn":"Buqei'a","nameHe":"בקיעה","regionEn":"Northern District","regionHe":"מחוז הצפון","type":"town"}},{"type":"Feature","geometry":{"type":"Point","coordinates":[34.96236,32.32635]},"properties":{"id":"geonames-295375","nameEn":"Burgata","nameHe":"בורגתה","regionEn":"Central District","regionHe":"מחוז המרכז","type":"town"}},{"type":"Feature","geometry":{"type":"Point","coordinates":[35.08298,32.95119]},"properties":{"id":"geonames-295372","nameEn":"Bustan HaGalil","nameHe":"בֻּסְתַּן הַגָּלִיל","regionEn":"Northern District","regionHe":"מחוז הצפון","type":"town"}},{"type":"Feature","geometry":{"type":"Point","coordinates":[34.90459,32.51888]},"properties":{"id":"geonames-7117228","nameEn":"Caesarea","nameHe":"קיסריה","regionEn":"Haifa","regionHe":"מחוז חיפה","type":"town"}},{"type":"Feature","geometry":{"type":"Point","coordinates":[35.37123,32.69256]},"properties":{"id":"geonames-295370","nameEn":"Dabburiya","nameHe":"דבוריה","regionEn":"Northern District","regionHe":"מחוז הצפון","type":"town"}},{"type":"Feature","geometry":{"type":"Point","coordinates":[35.63867,33.23013]},"properties":{"id":"geonames-295367","nameEn":"Dafna","nameHe":"דַּפְנָה","regionEn":"Northern District","regionHe":"מחוז הצפון","type":"locality"}},{"type":"Feature","geometry":{"type":"Point","coordinates":[35.04686,32.69383]},"properties":{"id":"geonames-295365","nameEn":"Daliyat al Karmel","nameHe":"דליית אל כרמל","regionEn":"Haifa","regionHe":"מחוז חיפה","type":"city"}},{"type":"Feature","geometry":{"type":"Point","coordinates":[35.07514,32.58982]},"properties":{"id":"geonames-295363","nameEn":"Daliyya","nameHe":"דליה","regionEn":"Northern District","regionHe":"מחוז הצפון","type":"locality"}},{"type":"Feature","geometry":{"type":"Point","coordinates":[35.48902,33.01635]},"properties":{"id":"geonames-295360","nameEn":"Dalton","nameHe":"דלתון","regionEn":"Northern District","regionHe":"מחוז הצפון","type":"locality"}},{"type":"Feature","geometry":{"type":"Point","coordinates":[35.65335,33.23979]},"properties":{"id":"geonames-295357","nameEn":"Dan","nameHe":"דן","regionEn":"Northern District","regionHe":"מחוז הצפון","type":"locality"}},{"type":"Feature","geometry":{"type":"Point","coordinates":[35.57487,32.70798]},"properties":{"id":"geonames-295345","nameEn":"Deganya Alef","nameHe":"דגניה א","regionEn":"Northern District","regionHe":"מחוז הצפון","type":"locality"}},{"type":"Feature","geometry":{"type":"Point","coordinates":[35.57596,32.69987]},"properties":{"id":"geonames-295344","nameEn":"Deganya Bet","nameHe":"דגניה ב","regionEn":"Northern District","regionHe":"מחוז הצפון","type":"locality"}},{"type":"Feature","geometry":{"type":"Point","coordinates":[35.26998,32.93598]},"properties":{"id":"geonames-295341","nameEn":"Deir el Asad","nameHe":"דֵיר אֶל-אַסַד","regionEn":"Northern District","regionHe":"מחוז הצפון","type":"town"}},{"type":"Feature","geometry":{"type":"Point","coordinates":[35.36365,32.86196]},"properties":{"id":"geonames-295339","nameEn":"Deir Hanna","nameHe":"דֵיר חַנָּא","regionEn":"Northern District","regionHe":"מחוז הצפון","type":"town"}},{"type":"Feature","geometry":{"type":"Point","coordinates":[35.03269,31.07079]},"properties":{"id":"geonames-295328","nameEn":"Dimona","nameHe":"דימונה","regionEn":"Southern District","regionHe":"מחוז הדרום","type":"city"}},{"type":"Feature","geometry":{"type":"Point","coordinates":[35.51738,33.08143]},"properties":{"id":"geonames-295324","nameEn":"Dishon","nameHe":"דישון","regionEn":"Northern District","regionHe":"מחוז הצפון","type":"locality"}},{"type":"Feature","geometry":{"type":"Point","coordinates":[35.13393,31.92609]},"properties":{"id":"geonames-8199393","nameEn":"Dolev","nameHe":"דולב","regionEn":"Israel","regionHe":"ישראל","type":"town"}},{"type":"Feature","geometry":{"type":"Point","coordinates":[34.6456,31.50646]},"properties":{"id":"geonames-295314","nameEn":"Dorot","nameHe":"דורות","regionEn":"Southern District","regionHe":"מחוז הדרום","type":"locality"}},{"type":"Feature","geometry":{"type":"Point","coordinates":[35.40809,33.05222]},"properties":{"id":"geonames-295311","nameEn":"Dovev","nameHe":"גובב","regionEn":"Northern District","regionHe":"מחוז הצפון","type":"locality"}},{"type":"Feature","geometry":{"type":"Point","coordinates":[35.34967,32.64753]},"properties":{"id":"geonames-295352","nameEn":"Dovrat","nameHe":"דברת","regionEn":"Northern District","regionHe":"מחוז הצפון","type":"locality"}},{"type":"Feature","geometry":{"type":"Point","coordinates":[35.07632,31.30069]},"properties":{"id":"geonames-12156602","nameEn":"Drijat","nameHe":"דריג'את","regionEn":"Southern District","regionHe":"מחוז הדרום","type":"town"}},{"type":"Feature","geometry":{"type":"Point","coordinates":[34.8254,31.41222]},"properties":{"id":"geonames-295331","nameEn":"Dvira","nameHe":"דבירה","regionEn":"Southern District","regionHe":"מחוז הדרום","type":"town"}},{"type":"Feature","geometry":{"type":"Point","coordinates":[35.34454,32.62094]},"properties":{"id":"geonames-295306","nameEn":"Ed Dahi","nameHe":"א דהי","regionEn":"Northern District","regionHe":"מחוז הצפון","type":"locality"}},{"type":"Feature","geometry":{"type":"Point","coordinates":[35.22724,32.81519]},"properties":{"id":"geonames-9997391","nameEn":"Ed Dumeida","nameHe":"א דמידה","regionEn":"Northern District","regionHe":"מחוז הצפון","type":"locality"}},{"type":"Feature","geometry":{"type":"Point","coordinates":[34.94821,29.55805]},"properties":{"id":"geonames-295277","nameEn":"Eilat","nameHe":"אילת","regionEn":"Southern District","regionHe":"מחוז הדרום","type":"city"}},{"type":"Feature","geometry":{"type":"Point","coordinates":[34.93408,32.27413]},"properties":{"id":"geonames-295185","nameEn":"Ein Sarid","nameHe":"עֵין שָׂרִיד","regionEn":"Central District","regionHe":"מחוז המרכז","type":"town"}},{"type":"Feature","geometry":{"type":"Point","coordinates":[34.93333,32.26667]},"properties":{"id":"geonames-295182","nameEn":"Ein Vered","nameHe":"עֵין וֶרֶד","regionEn":"Central District","regionHe":"מחוז המרכז","type":"town"}},{"type":"Feature","geometry":{"type":"Point","coordinates":[34.95153,32.59812]},"properties":{"id":"geonames-295269","nameEn":"El Fureidis","nameHe":"אל פרידיס","regionEn":"Haifa","regionHe":"מחוז חיפה","type":"town"}},{"type":"Feature","geometry":{"type":"Point","coordinates":[35.09837,32.98338]},"properties":{"id":"geonames-295249","nameEn":"El Mazra`a","nameHe":"אל מזרעה","regionEn":"Northern District","regionHe":"מחוז הצפון","type":"town"}},{"type":"Feature","geometry":{"type":"Point","coordinates":[34.95382,32.04984]},"properties":{"id":"geonames-8428480","nameEn":"El'ad","nameHe":"אלעד","regionEn":"Central District","regionHe":"מחוז המרכז","type":"city"}},{"type":"Feature","geometry":{"type":"Point","coordinates":[35.0113,29.7949]},"properties":{"id":"geonames-8337306","nameEn":"Elifaz","nameHe":"אליפז","regionEn":"Southern District","regionHe":"מחוז הדרום","type":"locality"}},{"type":"Feature","geometry":{"type":"Point","coordinates":[35.54791,32.94722]},"properties":{"id":"geonames-295265","nameEn":"Elifelet","nameHe":"אליפלט","regionEn":"Northern District","regionHe":"מחוז הצפון","type":"locality"}},{"type":"Feature","geometry":{"type":"Point","coordinates":[34.92827,32.15208]},"properties":{"id":"geonames-295263","nameEn":"Elishama'","nameHe":"אלישמע","regionEn":"Central District","regionHe":"מחוז המרכז","type":"town"}},{"type":"Feature","geometry":{"type":"Point","coordinates":[35.22009,33.06365]},"properties":{"id":"geonames-295241","nameEn":"Elon","nameHe":"אילון","regionEn":"Northern District","regionHe":"מחוז הצפון","type":"town"}},{"type":"Feature","geometry":{"type":"Point","coordinates":[34.9633,29.58119]},"properties":{"id":"geonames-295240","nameEn":"Elot","nameHe":"אילות","regionEn":"Southern District","regionHe":"מחוז הדרום","type":"locality"}},{"type":"Feature","geometry":{"type":"Point","coordinates":[35.32443,33.03346]},"properties":{"id":"geonames-295237","nameEn":"Elqosh","nameHe":"אלקוש","regionEn":"Northern District","regionHe":"מחוז הצפון","type":"locality"}},{"type":"Feature","geometry":{"type":"Point","coordinates":[34.92433,32.40793]},"properties":{"id":"geonames-295232","nameEn":"Elyakhin","nameHe":"אליכין","regionEn":"Central District","regionHe":"מחוז המרכז","type":"town"}},{"type":"Feature","geometry":{"type":"Point","coordinates":[34.90883,32.38108]},"properties":{"id":"geonames-295230","nameEn":"Elyashiv","nameHe":"אלישיב","regionEn":"Central District","regionHe":"מחוז המרכז","type":"locality"}},{"type":"Feature","geometry":{"type":"Point","coordinates":[34.6754,31.74391]},"properties":{"id":"geonames-295228","nameEn":"Emunim","nameHe":"אמונים","regionEn":"Southern District","regionHe":"מחוז הדרום","type":"locality"}},{"type":"Feature","geometry":{"type":"Point","coordinates":[35.31622,32.72339]},"properties":{"id":"geonames-295174","nameEn":"Er Reina","nameHe":"א רינה","regionEn":"Northern District","regionHe":"מחוז הצפון","type":"town"}},{"type":"Feature","geometry":{"type":"Point","coordinates":[34.56661,31.56024]},"properties":{"id":"geonames-295177","nameEn":"Erez","nameHe":"ארז","regionEn":"Southern District","regionHe":"מחוז הדרום","type":"locality"}},{"type":"Feature","geometry":{"type":"Point","coordinates":[35.14805,32.9941]},"properties":{"id":"geonames-295157","nameEn":"Esh Sheikh Dannun","nameHe":"א שיח’ דאוד","regionEn":"Northern District","regionHe":"מחוז הצפון","type":"town"}},{"type":"Feature","geometry":{"type":"Point","coordinates":[35.30553,32.87655]},"properties":{"id":"geonames-8273933","nameEn":"Eshbal","nameHe":"אשבל","regionEn":"Northern District","regionHe":"מחוז הצפון","type":"locality"}},{"type":"Feature","geometry":{"type":"Point","coordinates":[34.6672,31.44677]},"properties":{"id":"geonames-295171","nameEn":"Eshbol","nameHe":"אשבול","regionEn":"Southern District","regionHe":"מחוז הדרום","type":"locality"}},{"type":"Feature","geometry":{"type":"Point","coordinates":[34.69744,31.32567]},"properties":{"id":"geonames-295168","nameEn":"Eshel HaNasi","nameHe":"אשל הנשיא","regionEn":"Southern District","regionHe":"מחוז הדרום","type":"locality"}},{"type":"Feature","geometry":{"type":"Point","coordinates":[35.30059,32.8864]},"properties":{"id":"geonames-386272","nameEn":"Eshhar","nameHe":"אשחר","regionEn":"Northern District","regionHe":"מחוז הצפון","type":"locality"}},{"type":"Feature","geometry":{"type":"Point","coordinates":[35.00994,31.78072]},"properties":{"id":"geonames-295143","nameEn":"Eshta'ol","nameHe":"אשתאול","regionEn":"Jerusalem","regionHe":"מחוז ירושלים","type":"town"}},{"type":"Feature","geometry":{"type":"Point","coordinates":[35.00893,32.26616]},"properties":{"id":"geonames-295130","nameEn":"Et Taiyiba","nameHe":"א טיבה","regionEn":"Central District","regionHe":"מחוז המרכז","type":"city"}},{"type":"Feature","geometry":{"type":"Point","coordinates":[34.95023,32.2341]},"properties":{"id":"geonames-295127","nameEn":"Et Tira","nameHe":"א טירה","regionEn":"Central District","regionHe":"מחוז המרכז","type":"city"}},{"type":"Feature","geometry":{"type":"Point","coordinates":[34.74833,31.57268]},"properties":{"id":"geonames-295135","nameEn":"Etan","nameHe":"איתן","regionEn":"Southern District","regionHe":"מחוז הדרום","type":"locality"}},{"type":"Feature","geometry":{"type":"Point","coordinates":[35.09574,31.77893]},"properties":{"id":"geonames-295134","nameEn":"Etanim","nameHe":"איתנים","regionEn":"Jerusalem","regionHe":"מחוז ירושלים","type":"locality"}},{"type":"Feature","geometry":{"type":"Point","coordinates":[35.13422,31.76319]},"properties":{"id":"geonames-295124","nameEn":"Even Sappir","nameHe":"אבן ספיר","regionEn":"Jerusalem","regionHe":"מחוז ירושלים","type":"locality"}},{"type":"Feature","geometry":{"type":"Point","coordinates":[34.76342,31.57641]},"properties":{"id":"geonames-295123","nameEn":"Even Shemu'el","nameHe":"אבן שמואל","regionEn":"Southern District","regionHe":"מחוז הדרום","type":"town"}},{"type":"Feature","geometry":{"type":"Point","coordinates":[34.88759,32.26959]},"properties":{"id":"geonames-295122","nameEn":"Even Yehuda","nameHe":"אבן יהודה","regionEn":"Central District","regionHe":"מחוז המרכז","type":"town"}},{"type":"Feature","geometry":{"type":"Point","coordinates":[34.97946,32.21156]},"properties":{"id":"geonames-295117","nameEn":"Eyal","nameHe":"איל","regionEn":"Central District","regionHe":"מחוז המרכז","type":"locality"}},{"type":"Feature","geometry":{"type":"Point","coordinates":[35.30893,33.04895]},"properties":{"id":"geonames-295104","nameEn":"Fassuta","nameHe":"מפשטה","regionEn":"Northern District","regionHe":"מחוז הצפון","type":"town"}},{"type":"Feature","geometry":{"type":"Point","coordinates":[34.82388,32.22854]},"properties":{"id":"geonames-295102","nameEn":"Ga'ash","nameHe":"געש","regionEn":"Central District","regionHe":"מחוז המרכז","type":"locality"}},{"type":"Feature","geometry":{"type":"Point","coordinates":[35.61943,33.01915]},"properties":{"id":"geonames-293008","nameEn":"Gadot","nameHe":"גדות","regionEn":"Northern District","regionHe":"מחוז הצפון","type":"locality"}},{"type":"Feature","geometry":{"type":"Point","coordinates":[35.07704,32.55716]},"properties":{"id":"geonames-295121","nameEn":"Gal'ed","nameHe":"אבן יצחק","regionEn":"Northern District","regionHe":"מחוז הצפון","type":"locality"}},{"type":"Feature","geometry":{"type":"Point","coordinates":[35.3377,32.53106]},"properties":{"id":"geonames-8340977","nameEn":"Gan Ner","nameHe":"גַּן נֵר","regionEn":"Northern District","regionHe":"מחוז הצפון","type":"town"}},{"type":"Feature","geometry":{"type":"Point","coordinates":[34.70659,31.78737]},"properties":{"id":"geonames-295080","nameEn":"Gan Yavne","nameHe":"גן יבנה","regionEn":"Central District","regionHe":"מחוז המרכז","type":"city"}},{"type":"Feature","geometry":{"type":"Point","coordinates":[34.99398,32.34928]},"properties":{"id":"geonames-295079","nameEn":"Gan Yoshiyya","nameHe":"גַּן יֹאשִׁיָּה","regionEn":"Central District","regionHe":"מחוז המרכז","type":"locality"}},{"type":"Feature","geometry":{"type":"Point","coordinates":[34.8732,32.05971]},"properties":{"id":"geonames-295089","nameEn":"Ganei Tikva","nameHe":"גני תיקווה","regionEn":"Central District","regionHe":"מחוז המרכז","type":"city"}},{"type":"Feature","geometry":{"type":"Point","coordinates":[34.85363,31.87858]},"properties":{"id":"geonames-8427652","nameEn":"GanneHadar","nameHe":"גני הדר","regionEn":"Central District","regionHe":"מחוז המרכז","type":"locality"}},{"type":"Feature","geometry":{"type":"Point","coordinates":[34.90178,32.32244]},"properties":{"id":"geonames-295085","nameEn":"Gannot Hadar","nameHe":"גַּנּוֹת הָדָר","regionEn":"Central District","regionHe":"מחוז המרכז","type":"locality"}},{"type":"Feature","geometry":{"type":"Point","coordinates":[34.79961,31.87864]},"properties":{"id":"geonames-295084","nameEn":"GanShlomo","nameHe":"גן שלמה","regionEn":"Central District","regionHe":"מחוז המרכז","type":"locality"}},{"type":"Feature","geometry":{"type":"Point","coordinates":[34.95234,32.4492]},"properties":{"id":"geonames-295083","nameEn":"GanShmu'el","nameHe":"גן שמואל","regionEn":"Haifa","regionHe":"מחוז חיפה","type":"locality"}},{"type":"Feature","geometry":{"type":"Point","coordinates":[34.60334,31.62696]},"properties":{"id":"geonames-295066","nameEn":"Ge'a","nameHe":"גֵּיאָה","regionEn":"Southern District","regionHe":"מחוז הדרום","type":"locality"}},{"type":"Feature","geometry":{"type":"Point","coordinates":[34.76568,31.88419]},"properties":{"id":"geonames-295065","nameEn":"Ge'alya","nameHe":"גְּאַלְיָה","regionEn":"Central District","regionHe":"מחוז המרכז","type":"locality"}},{"type":"Feature","geometry":{"type":"Point","coordinates":[34.94514,32.29962]},"properties":{"id":"geonames-295040","nameEn":"Ge'ullim","nameHe":"גְּאֻלִים","regionEn":"Central District","regionHe":"מחוז המרכז","type":"locality"}},{"type":"Feature","geometry":{"type":"Point","coordinates":[34.77998,31.81456]},"properties":{"id":"geonames-295064","nameEn":"Gedera","nameHe":"גדרה","regionEn":"Central District","regionHe":"מחוז המרכז","type":"city"}},{"type":"Feature","geometry":{"type":"Point","coordinates":[34.87902,31.74058]},"properties":{"id":"geonames-295059","nameEn":"Gefen","nameHe":"גפן","regionEn":"Jerusalem","regionHe":"מחוז ירושלים","type":"locality"}},{"type":"Feature","geometry":{"type":"Point","coordinates":[34.83141,32.15733]},"properties":{"id":"geonames-295055","nameEn":"Gelil Yam","nameHe":"גליל ים","regionEn":"Tel Aviv","regionHe":"מחוז תל אביב","type":"locality"}},{"type":"Feature","geometry":{"type":"Point","coordinates":[35.55134,32.6211]},"properties":{"id":"geonames-295043","nameEn":"Gesher","nameHe":"גשר","regionEn":"Northern District","regionHe":"מחוז הצפון","type":"locality"}},{"type":"Feature","geometry":{"type":"Point","coordinates":[35.11189,33.03995]},"properties":{"id":"geonames-295042","nameEn":"GesherHaZiv","nameHe":"גֶּשֶׁר הַזִּיו","regionEn":"Northern District","regionHe":"מחוז הצפון","type":"town"}},{"type":"Feature","geometry":{"type":"Point","coordinates":[35.71808,32.81873]},"properties":{"id":"geonames-443082","nameEn":"Geshur","nameHe":"גשור","regionEn":"Northern District","regionHe":"מחוז הצפון","type":"locality"}},{"type":"Feature","geometry":{"type":"Point","coordinates":[35.37158,32.5664]},"properties":{"id":"geonames-295038","nameEn":"Geva'","nameHe":"גבע","regionEn":"Northern District","regionHe":"מחוז הצפון","type":"locality"}},{"type":"Feature","geometry":{"type":"Point","coordinates":[34.94874,32.66002]},"properties":{"id":"geonames-295037","nameEn":"Geva' Karmel","nameHe":"גֶּבַע כַּרְמֶל","regionEn":"Haifa","regionHe":"מחוז חיפה","type":"town"}},{"type":"Feature","geometry":{"type":"Point","coordinates":[34.59869,31.50756]},"properties":{"id":"geonames-295031","nameEn":"Gevim","nameHe":"גבים","regionEn":"Southern District","regionHe":"מחוז הדרום","type":"locality"}},{"type":"Feature","geometry":{"type":"Point","coordinates":[34.92046,31.87658]},"properties":{"id":"geonames-295025","nameEn":"Gezer","nameHe":"גזר","regionEn":"Central District","regionHe":"מחוז המרכז","type":"locality"}},{"type":"Feature","geometry":{"type":"Point","coordinates":[35.62288,33.27115]},"properties":{"id":"geonames-173882","nameEn":"Ghajar","nameHe":"אל ע’גיר","regionEn":"Northern District","regionHe":"מחוז הצפון","type":"town"}},{"type":"Feature","geometry":{"type":"Point","coordinates":[35.35853,32.54915]},"properties":{"id":"geonames-295014","nameEn":"Gid'ona","nameHe":"גדעונה","regionEn":"Northern District","regionHe":"מחוז הצפון","type":"locality"}},{"type":"Feature","geometry":{"type":"Point","coordinates":[34.65202,31.3276]},"properties":{"id":"geonames-295011","nameEn":"Gilat","nameHe":"גילת","regionEn":"Southern District","regionHe":"מחוז הדרום","type":"town"}},{"type":"Feature","geometry":{"type":"Point","coordinates":[35.23452,32.90261]},"properties":{"id":"geonames-8310823","nameEn":"Gilon","nameHe":"גִּילוֹן","regionEn":"Northern District","regionHe":"מחוז הצפון","type":"town"}},{"type":"Feature","geometry":{"type":"Point","coordinates":[34.94154,31.92846]},"properties":{"id":"geonames-295007","nameEn":"Gimzo","nameHe":"גִּמְזוֹ","regionEn":"Central District","regionHe":"מחוז המרכז","type":"town"}},{"type":"Feature","geometry":{"type":"Point","coordinates":[35.25764,32.66364]},"properties":{"id":"geonames-295004","nameEn":"Ginnegar","nameHe":"גניגר","regionEn":"Northern District","regionHe":"מחוז הצפון","type":"locality"}},{"type":"Feature","geometry":{"type":"Point","coordinates":[35.52335,32.84713]},"properties":{"id":"geonames-295002","nameEn":"Ginnosar","nameHe":"גינוסר","regionEn":"Northern District","regionHe":"מחוז הצפון","type":"locality"}},{"type":"Feature","geometry":{"type":"Point","coordinates":[35.24997,32.96701]},"properties":{"id":"geonames-8066327","nameEn":"Gitta","nameHe":"גיתה","regionEn":"Northern District","regionHe":"מחוז הצפון","type":"locality"}},{"type":"Feature","geometry":{"type":"Point","coordinates":[35.19878,32.55538]},"properties":{"id":"geonames-294987","nameEn":"Giv'at 'Oz","nameHe":"גבעת עוז","regionEn":"Northern District","regionHe":"מחוז הצפון","type":"locality"}},{"type":"Feature","geometry":{"type":"Point","coordinates":[35.43747,32.77682]},"properties":{"id":"geonames-8140105","nameEn":"Giv'at Avni","nameHe":"גִּבְעַת אַבְנִי","regionEn":"Northern District","regionHe":"מחוז הצפון","type":"town"}},{"type":"Feature","geometry":{"type":"Point","coordinates":[34.80097,31.86684]},"properties":{"id":"geonames-294998","nameEn":"Giv'at Brenner","nameHe":"גִּבְעַת בְּרֶנֶר","regionEn":"Central District","regionHe":"מחוז המרכז","type":"town"}},{"type":"Feature","geometry":{"type":"Point","coordinates":[35.24469,32.72377]},"properties":{"id":"geonames-8264692","nameEn":"Giv'at Ela","nameHe":"גִּבְעַת אֵלָה","regionEn":"Northern District","regionHe":"מחוז הצפון","type":"town"}},{"type":"Feature","geometry":{"type":"Point","coordinates":[34.93213,32.39775]},"properties":{"id":"geonames-294995","nameEn":"Giv'at Hayyim Ihud","nameHe":"גבעת חיים","regionEn":"Central District","regionHe":"מחוז המרכז","type":"town"}},{"type":"Feature","geometry":{"type":"Point","coordinates":[34.93115,32.39171]},"properties":{"id":"geonames-10247989","nameEn":"Giv'at Hayyim Me'uhad","nameHe":"גבעת חיים (מאוחד)","regionEn":"Central District","regionHe":"מחוז המרכז","type":"town"}},{"type":"Feature","geometry":{"type":"Point","coordinates":[34.87537,32.16831]},"properties":{"id":"geonames-294994","nameEn":"Giv'at Hen","nameHe":"גבעת חן","regionEn":"Central District","regionHe":"מחוז המרכז","type":"locality"}},{"type":"Feature","geometry":{"type":"Point","coordinates":[34.93657,32.03117]},"properties":{"id":"geonames-294991","nameEn":"Giv'at Koah","nameHe":"גבעת כח","regionEn":"Central District","regionHe":"מחוז המרכז","type":"locality"}},{"type":"Feature","geometry":{"type":"Point","coordinates":[34.87601,32.35744]},"properties":{"id":"geonames-294984","nameEn":"Giv'at Shappira","nameHe":"גבעת שפירא","regionEn":"Central District","regionHe":"מחוז המרכז","type":"locality"}},{"type":"Feature","geometry":{"type":"Point","coordinates":[34.95155,31.7752]},"properties":{"id":"geonames-294982","nameEn":"Giv'at Shemesh","nameHe":"גבעת שמש","regionEn":"Jerusalem","regionHe":"מחוז ירושלים","type":"locality"}},{"type":"Feature","geometry":{"type":"Point","coordinates":[34.84858,32.07817]},"properties":{"id":"geonames-294981","nameEn":"Giv'at Shmuel","nameHe":"גבעת שמואל","regionEn":"Tel Aviv","regionHe":"מחוז תל אביב","type":"city"}},{"type":"Feature","geometry":{"type":"Point","coordinates":[35.09182,31.78653]},"properties":{"id":"geonames-294980","nameEn":"Giv'at Ye'arim","nameHe":"גִּבְעַת יְעָרִים","regionEn":"Jerusalem","regionHe":"מחוז ירושלים","type":"town"}},{"type":"Feature","geometry":{"type":"Point","coordinates":[34.94472,31.67119]},"properties":{"id":"geonames-294979","nameEn":"Giv'at Yesha'yahu","nameHe":"גבעת ישעיהו","regionEn":"Jerusalem","regionHe":"מחוז ירושלים","type":"locality"}},{"type":"Feature","geometry":{"type":"Point","coordinates":[34.67995,31.733]},"properties":{"id":"geonames-294992","nameEn":"Giv'ati","nameHe":"גִּבְעָתִי","regionEn":"Southern District","regionHe":"מחוז הדרום","type":"town"}},{"type":"Feature","geometry":{"type":"Point","coordinates":[34.59136,31.39658]},"properties":{"id":"geonames-294978","nameEn":"Giv'olim","nameHe":"גבעולים","regionEn":"Southern District","regionHe":"מחוז הדרום","type":"locality"}},{"type":"Feature","geometry":{"type":"Point","coordinates":[35.16106,31.84927]},"properties":{"id":"geonames-8199390","nameEn":"Giv'on HaHadasha","nameHe":"גִּבְעוֹן הַחֲדָשָׁה","regionEn":"Israel","regionHe":"ישראל","type":"town"}},{"type":"Feature","geometry":{"type":"Point","coordinates":[34.75525,31.3565]},"properties":{"id":"geonames-10860931","nameEn":"Giv'ot Bar","nameHe":"גבעות בר","regionEn":"Southern District","regionHe":"מחוז הדרום","type":"town"}},{"type":"Feature","geometry":{"type":"Point","coordinates":[34.92159,32.09854]},"properties":{"id":"geonames-294997","nameEn":"Giv`atHaShlosha","nameHe":"גבעת השלשה","regionEn":"Central District","regionHe":"מחוז המרכז","type":"locality"}},{"type":"Feature","geometry":{"type":"Point","coordinates":[35.04026,32.54864]},"properties":{"id":"geonames-294989","nameEn":"Giv`atNili","nameHe":"גבעת נילי","regionEn":"Haifa","regionHe":"מחוז חיפה","type":"locality"}},{"type":"Feature","geometry":{"type":"Point","coordinates":[34.81253,32.07225]},"properties":{"id":"geonames-294999","nameEn":"Givatayim","nameHe":"גבעתיים","regionEn":"Tel Aviv","regionHe":"מחוז תל אביב","type":"city"}},{"type":"Feature","geometry":{"type":"Point","coordinates":[34.93852,31.80474]},"properties":{"id":"geonames-8183073","nameEn":"Gizo","nameHe":"גיזו","regionEn":"Jerusalem","regionHe":"מחוז ירושלים","type":"locality"}},{"type":"Feature","geometry":{"type":"Point","coordinates":[35.64755,33.12356]},"properties":{"id":"geonames-294970","nameEn":"Gonen","nameHe":"גונן","regionEn":"Northern District","regionHe":"מחוז הצפון","type":"locality"}},{"type":"Feature","geometry":{"type":"Point","coordinates":[35.23772,33.0566]},"properties":{"id":"geonames-294968","nameEn":"Goren","nameHe":"גרן","regionEn":"Northern District","regionHe":"מחוז הצפון","type":"locality"}},{"type":"Feature","geometry":{"type":"Point","coordinates":[35.24982,33.05939]},"properties":{"id":"geonames-8066388","nameEn":"Gornot HaGalil","nameHe":"גורנות הגליל","regionEn":"Northern District","regionHe":"מחוז הצפון","type":"locality"}},{"type":"Feature","geometry":{"type":"Point","coordinates":[35.06441,29.94122]},"properties":{"id":"geonames-295047","nameEn":"Grofit","nameHe":"גרופית","regionEn":"Southern District","regionHe":"מחוז הדרום","type":"locality"}},{"type":"Feature","geometry":{"type":"Point","coordinates":[35.21247,32.67547]},"properties":{"id":"geonames-295035","nameEn":"Gvat","nameHe":"גְּבַת","regionEn":"Northern District","regionHe":"מחוז הצפון","type":"locality"}},{"type":"Feature","geometry":{"type":"Point","coordinates":[34.92392,32.3621]},"properties":{"id":"geonames-294878","nameEn":"Ha'Ogen","nameHe":"העגן","regionEn":"Central District","regionHe":"מחוז המרכז","type":"locality"}},{"type":"Feature","geometry":{"type":"Point","coordinates":[34.93237,32.63629]},"properties":{"id":"geonames-294955","nameEn":"HaBonim","nameHe":"הבונים","regionEn":"Haifa","regionHe":"מחוז חיפה","type":"locality"}},{"type":"Feature","geometry":{"type":"Point","coordinates":[35.64228,32.92686]},"properties":{"id":"geonames-443092","nameEn":"Had Nes","nameHe":"חד נס","regionEn":"Northern District","regionHe":"מחוז הצפון","type":"locality"}},{"type":"Feature","geometry":{"type":"Point","coordinates":[34.89992,32.35037]},"properties":{"id":"geonames-294954","nameEn":"Hadar 'Am","nameHe":"הדר עם","regionEn":"Central District","regionHe":"מחוז המרכז","type":"locality"}},{"type":"Feature","geometry":{"type":"Point","coordinates":[34.9039,32.44192]},"properties":{"id":"geonames-294946","nameEn":"Hadera","nameHe":"חדרה","regionEn":"Haifa","regionHe":"מחוז חיפה","type":"city"}},{"type":"Feature","geometry":{"type":"Point","coordinates":[34.93373,31.96846]},"properties":{"id":"geonames-294942","nameEn":"Hadid","nameHe":"חדיד","regionEn":"Central District","regionHe":"מחוז המרכז","type":"locality"}},{"type":"Feature","geometry":{"type":"Point","coordinates":[34.80011,31.78832]},"properties":{"id":"geonames-294938","nameEn":"HafetsHayyim","nameHe":"חפץ חיים","regionEn":"Central District","regionHe":"מחוז המרכז","type":"locality"}},{"type":"Feature","geometry":{"type":"Point","coordinates":[34.94695,32.13932]},"properties":{"id":"geonames-294928","nameEn":"Hagor","nameHe":"חגור","regionEn":"Central District","regionHe":"מחוז המרכז","type":"town"}},{"type":"Feature","geometry":{"type":"Point","coordinates":[35.62331,33.22061]},"properties":{"id":"geonames-294926","nameEn":"HaGosherim","nameHe":"הגושרים","regionEn":"Northern District","regionHe":"מחוז הצפון","type":"locality"}},{"type":"Feature","geometry":{"type":"Point","coordinates":[34.95694,32.75179]},"properties":{"id":"geonames-294924","nameEn":"HaHoterim","nameHe":"החותרים","regionEn":"Haifa","regionHe":"מחוז חיפה","type":"locality"}},{"type":"Feature","geometry":{"type":"Point","coordinates":[34.99928,32.81303]},"properties":{"id":"geonames-294801","nameEn":"Haifa","nameHe":"חיפה","regionEn":"Haifa","regionHe":"מחוז חיפה","type":"city"}},{"type":"Feature","geometry":{"type":"Point","coordinates":[34.98337,32.37802]},"properties":{"id":"geonames-294910","nameEn":"HaMa'pil","nameHe":"המעפיל","regionEn":"Central District","regionHe":"מחוז המרכז","type":"locality"}},{"type":"Feature","geometry":{"type":"Point","coordinates":[35.51981,32.52036]},"properties":{"id":"geonames-294913","nameEn":"Hamadya","nameHe":"חמדיה","regionEn":"Northern District","regionHe":"מחוז הצפון","type":"locality"}},{"type":"Feature","geometry":{"type":"Point","coordinates":[35.49195,32.82955]},"properties":{"id":"geonames-8309927","nameEn":"Hamam","nameHe":"חַמָּם","regionEn":"Northern District","regionHe":"מחוז הצפון","type":"town"}},{"type":"Feature","geometry":{"type":"Point","coordinates":[35.17372,33.08732]},"properties":{"id":"geonames-294884","nameEn":"Hanita","nameHe":"חניתה","regionEn":"Northern District","regionHe":"מחוז הצפון","type":"locality"}},{"type":"Feature","geometry":{"type":"Point","coordinates":[35.2446,32.78366]},"properties":{"id":"geonames-8312758","nameEn":"Hannaton","nameHe":"חַנָּתֹן","regionEn":"Northern District","regionHe":"מחוז הצפון","type":"locality"}},{"type":"Feature","geometry":{"type":"Point","coordinates":[34.95051,32.33306]},"properties":{"id":"geonames-294881","nameEn":"Hanni'el","nameHe":"חַנִּיאֵל","regionEn":"Central District","regionHe":"מחוז המרכז","type":"locality"}},{"type":"Feature","geometry":{"type":"Point","coordinates":[35.62162,32.72492]},"properties":{"id":"geonames-294877","nameEn":"HaOn","nameHe":"האון","regionEn":"Northern District","regionHe":"מחוז הצפון","type":"locality"}},{"type":"Feature","geometry":{"type":"Point","coordinates":[35.36823,32.84572]},"properties":{"id":"geonames-386222","nameEn":"Hararit","nameHe":"הררית","regionEn":"Northern District","regionHe":"מחוז הצפון","type":"locality"}},{"type":"Feature","geometry":{"type":"Point","coordinates":[35.32791,32.95689]},"properties":{"id":"geonames-386358","nameEn":"Harashim","nameHe":"חרשים","regionEn":"Northern District","regionHe":"מחוז הצפון","type":"locality"}},{"type":"Feature","geometry":{"type":"Point","coordinates":[35.17469,32.76342]},"properties":{"id":"geonames-8265537","nameEn":"Harduf","nameHe":"הַרְדּוּף","regionEn":"Northern District","regionHe":"מחוז הצפון","type":"town"}},{"type":"Feature","geometry":{"type":"Point","coordinates":[35.0435,32.46096]},"properties":{"id":"geonames-8141842","nameEn":"Harish","nameHe":"חָרִישׁ","regionEn":"Haifa","regionHe":"מחוז חיפה","type":"town"}},{"type":"Feature","geometry":{"type":"Point","coordinates":[34.86486,32.22759]},"properties":{"id":"geonames-294854","nameEn":"Harutsim","nameHe":"חרוצים","regionEn":"Central District","regionHe":"מחוז המרכז","type":"locality"}},{"type":"Feature","geometry":{"type":"Point","coordinates":[35.0215,31.92973]},"properties":{"id":"geonames-8199382","nameEn":"Hashmonaim","nameHe":"חשמונאים","regionEn":"Judea and Samaria Area","regionHe":"יהודה ושומרון","type":"town"}},{"type":"Feature","geometry":{"type":"Point","coordinates":[35.23727,32.7513]},"properties":{"id":"geonames-294844","nameEn":"HaSolelim","nameHe":"הסוללים","regionEn":"Northern District","regionHe":"מחוז הצפון","type":"locality"}},{"type":"Feature","geometry":{"type":"Point","coordinates":[35.79295,32.84571]},"properties":{"id":"geonames-443090","nameEn":"Haspin","nameHe":"חספין","regionEn":"Northern District","regionHe":"מחוז הצפון","type":"town"}},{"type":"Feature","geometry":{"type":"Point","coordinates":[35.28025,30.76873]},"properties":{"id":"geonames-294814","nameEn":"Hatseva","nameHe":"חצבה","regionEn":"Southern District","regionHe":"מחוז הדרום","type":"locality"}},{"type":"Feature","geometry":{"type":"Point","coordinates":[34.72051,31.77227]},"properties":{"id":"geonames-294807","nameEn":"HatsorAshdod","nameHe":"חצור אשדוד","regionEn":"Southern District","regionHe":"מחוז הדרום","type":"locality"}},{"type":"Feature","geometry":{"type":"Point","coordinates":[35.54243,32.98049]},"properties":{"id":"geonames-294809","nameEn":"HatsorHaGelilit","nameHe":"חצור הגלילית","regionEn":"Northern District","regionHe":"מחוז הצפון","type":"town"}},{"type":"Feature","geometry":{"type":"Point","coordinates":[34.85934,32.36263]},"properties":{"id":"geonames-294834","nameEn":"Havazzelet HaSharon","nameHe":"חבצלת השרון","regionEn":"Central District","regionHe":"מחוז המרכז","type":"locality"}},{"type":"Feature","geometry":{"type":"Point","coordinates":[35.20358,32.61093]},"properties":{"id":"geonames-294826","nameEn":"HaYogev","nameHe":"היוגב","regionEn":"Northern District","regionHe":"מחוז הצפון","type":"locality"}},{"type":"Feature","geometry":{"type":"Point","coordinates":[35.39531,32.90659]},"properties":{"id":"geonames-386289","nameEn":"Hazon","nameHe":"חזון","regionEn":"Northern District","regionHe":"מחוז הצפון","type":"locality"}},{"type":"Feature","geometry":{"type":"Point","coordinates":[35.50274,32.74707]},"properties":{"id":"geonames-294805","nameEn":"HaZore'im","nameHe":"הַזּוֹרְעִים","regionEn":"Northern District","regionHe":"מחוז הצפון","type":"town"}},{"type":"Feature","geometry":{"type":"Point","coordinates":[35.11883,32.64572]},"properties":{"id":"geonames-294806","nameEn":"HaZorea'","nameHe":"הזורע","regionEn":"Northern District","regionHe":"מחוז הצפון","type":"locality"}},{"type":"Feature","geometry":{"type":"Point","coordinates":[35.42611,32.51784]},"properties":{"id":"geonames-294794","nameEn":"HeftsiBah","nameHe":"חפצי בה","regionEn":"Northern District","regionHe":"מחוז הצפון","type":"locality"}},{"type":"Feature","geometry":{"type":"Point","coordinates":[34.65801,31.57775]},"properties":{"id":"geonames-294789","nameEn":"Helets","nameHe":"חלץ","regionEn":"Southern District","regionHe":"מחוז הדרום","type":"locality"}},{"type":"Feature","geometry":{"type":"Point","coordinates":[34.84284,32.0159]},"properties":{"id":"geonames-294785","nameEn":"Hemed","nameHe":"חמד","regionEn":"Central District","regionHe":"מחוז המרכז","type":"town"}},{"type":"Feature","geometry":{"type":"Point","coordinates":[34.91616,32.40136]},"properties":{"id":"geonames-294782","nameEn":"Herev Le'et","nameHe":"חֶרֶב לְאֵת","regionEn":"Central District","regionHe":"מחוז המרכז","type":"locality"}},{"type":"Feature","geometry":{"type":"Point","coordinates":[34.91583,32.24018]},"properties":{"id":"geonames-294781","nameEn":"Herut","nameHe":"חֵרוּת","regionEn":"Central District","regionHe":"מחוז המרכז","type":"town"}},{"type":"Feature","geometry":{"type":"Point","coordinates":[34.82536,32.16627]},"properties":{"id":"geonames-294778","nameEn":"Herzliya","nameHe":"הרצליה","regionEn":"Tel Aviv","regionHe":"מחוז תל אביב","type":"city"}},{"type":"Feature","geometry":{"type":"Point","coordinates":[34.91249,32.39731]},"properties":{"id":"geonames-294771","nameEn":"HibbatTsiyyon","nameHe":"חבת ציון","regionEn":"Central District","regionHe":"מחוז המרכז","type":"locality"}},{"type":"Feature","geometry":{"type":"Point","coordinates":[34.8932,32.15934]},"properties":{"id":"geonames-294760","nameEn":"Hod HaSharon","nameHe":"הוד השרון","regionEn":"Central District","regionHe":"מחוז המרכז","type":"city"}},{"type":"Feature","geometry":{"type":"Point","coordinates":[35.43486,32.78857]},"properties":{"id":"geonames-8140104","nameEn":"Hodayot","nameHe":"הודיות","regionEn":"Northern District","regionHe":"מחוז הצפון","type":"locality"}},{"type":"Feature","geometry":{"type":"Point","coordinates":[34.87425,32.38565]},"properties":{"id":"geonames-294757","nameEn":"Hofit","nameHe":"חופית","regionEn":"Central District","regionHe":"מחוז המרכז","type":"locality"}},{"type":"Feature","geometry":{"type":"Point","coordinates":[34.92759,32.38767]},"properties":{"id":"geonames-294754","nameEn":"Hogla","nameHe":"חגלה","regionEn":"Central District","regionHe":"מחוז המרכז","type":"locality"}},{"type":"Feature","geometry":{"type":"Point","coordinates":[34.32592,31.22963]},"properties":{"id":"geonames-8068370","nameEn":"Holit","nameHe":"חולית","regionEn":"Southern District","regionHe":"מחוז הדרום","type":"locality"}},{"type":"Feature","geometry":{"type":"Point","coordinates":[34.77918,32.01034]},"properties":{"id":"geonames-294751","nameEn":"Holon","nameHe":"חולון","regionEn":"Tel Aviv","regionHe":"מחוז תל אביב","type":"city"}},{"type":"Feature","geometry":{"type":"Point","coordinates":[34.97111,32.13817]},"properties":{"id":"geonames-294687","nameEn":"Horeshim","nameHe":"חורשים","regionEn":"Central District","regionHe":"מחוז המרכז","type":"locality"}},{"type":"Feature","geometry":{"type":"Point","coordinates":[35.29807,32.99824]},"properties":{"id":"geonames-294680","nameEn":"Hosen","nameHe":"חֹסֶן","regionEn":"Northern District","regionHe":"מחוז הצפון","type":"town"}},{"type":"Feature","geometry":{"type":"Point","coordinates":[35.2948,32.75809]},"properties":{"id":"geonames-386169","nameEn":"Hosha'ya","nameHe":"הושעיה","regionEn":"Northern District","regionHe":"מחוז הצפון","type":"town"}},{"type":"Feature","geometry":{"type":"Point","coordinates":[35.49555,32.87918]},"properties":{"id":"geonames-294670","nameEn":"Hukok","nameHe":"חוקוק","regionEn":"Northern District","regionHe":"מחוז הצפון","type":"locality"}},{"type":"Feature","geometry":{"type":"Point","coordinates":[35.60981,33.05152]},"properties":{"id":"geonames-294675","nameEn":"Hulata","nameHe":"חולתה","regionEn":"Northern District","regionHe":"מחוז הצפון","type":"locality"}},{"type":"Feature","geometry":{"type":"Point","coordinates":[34.88231,31.83176]},"properties":{"id":"geonames-294674","nameEn":"Hulda","nameHe":"חֻלְדָּה","regionEn":"Central District","regionHe":"מחוז המרכז","type":"town"}},{"type":"Feature","geometry":{"type":"Point","coordinates":[34.93606,31.30084]},"properties":{"id":"geonames-8374209","nameEn":"Hura","nameHe":"חורה","regionEn":"Southern District","regionHe":"מחוז הדרום","type":"city"}},{"type":"Feature","geometry":{"type":"Point","coordinates":[35.34835,33.01711]},"properties":{"id":"geonames-294666","nameEn":"Hurfeish","nameHe":"חורפיש","regionEn":"Northern District","regionHe":"מחוז הצפון","type":"town"}},{"type":"Feature","geometry":{"type":"Point","coordinates":[35.31417,32.903]},"properties":{"id":"geonames-9618071","nameEn":"Huseiniya","nameHe":"חוסיניה","regionEn":"Northern District","regionHe":"מחוז הצפון","type":"locality"}},{"type":"Feature","geometry":{"type":"Point","coordinates":[35.19271,32.82233]},"properties":{"id":"geonames-294663","nameEn":"I'billin","nameHe":"אבלים","regionEn":"Northern District","regionHe":"מחוז הצפון","type":"town"}},{"type":"Feature","geometry":{"type":"Point","coordinates":[34.61048,31.53279]},"properties":{"id":"geonames-294664","nameEn":"Ibbim","nameHe":"אבים","regionEn":"Southern District","regionHe":"מחוז הדרום","type":"locality"}},{"type":"Feature","geometry":{"type":"Point","coordinates":[35.11402,32.7615]},"properties":{"id":"geonames-294661","nameEn":"Ibtin","nameHe":"אבטין","regionEn":"Haifa","regionHe":"מחוז חיפה","type":"town"}},{"type":"Feature","geometry":{"type":"Point","coordinates":[35.32365,32.68164]},"properties":{"id":"geonames-294658","nameEn":"Iksal","nameHe":"אכסל","regionEn":"Northern District","regionHe":"מחוז הצפון","type":"town"}},{"type":"Feature","geometry":{"type":"Point","coordinates":[35.27575,33.07543]},"properties":{"id":"geonames-294652","nameEn":"Iqrit","nameHe":"אקרת","regionEn":"Northern District","regionHe":"מחוז הצפון","type":"locality"}},{"type":"Feature","geometry":{"type":"Point","coordinates":[34.95372,32.1547]},"properties":{"id":"geonames-294634","nameEn":"Jaljulya","nameHe":"ג׳לג׳וליה","regionEn":"Central District","regionHe":"מחוז המרכז","type":"town"}},{"type":"Feature","geometry":{"type":"Point","coordinates":[35.03933,32.39843]},"properties":{"id":"geonames-294630","nameEn":"Jatt","nameHe":"גַ'ת","regionEn":"Haifa","regionHe":"מחוז חיפה","type":"town"}},{"type":"Feature","geometry":{"type":"Point","coordinates":[35.21633,31.76904]},"properties":{"id":"geonames-281184","nameEn":"Jerusalem","nameHe":"ירושלים","regionEn":"Jerusalem","regionHe":"מחוז ירושלים","type":"city"}},{"type":"Feature","geometry":{"type":"Point","coordinates":[35.44694,33.02216]},"properties":{"id":"geonames-294627","nameEn":"Jish","nameHe":"גּוּשׁ חָלָב","regionEn":"Northern District","regionHe":"מחוז הצפון","type":"town"}},{"type":"Feature","geometry":{"type":"Point","coordinates":[34.9127,32.53684]},"properties":{"id":"geonames-294626","nameEn":"Jisr ez Zarqa","nameHe":"גִ'סְּר א-זַּרְקָא","regionEn":"Haifa","regionHe":"מחוז חיפה","type":"town"}},{"type":"Feature","geometry":{"type":"Point","coordinates":[35.15705,32.9282]},"properties":{"id":"geonames-294622","nameEn":"Judeida Makr","nameHe":"גֻ'דֵידָה-מַכְּר","regionEn":"Northern District","regionHe":"מחוז הצפון","type":"city"}},{"type":"Feature","geometry":{"type":"Point","coordinates":[35.18278,32.94267]},"properties":{"id":"geonames-294620","nameEn":"Julis","nameHe":"ג'וּלִס","regionEn":"Northern District","regionHe":"מחוז הצפון","type":"town"}},{"type":"Feature","geometry":{"type":"Point","coordinates":[35.18361,32.74985]},"properties":{"id":"geonames-8265524","nameEn":"Ka'abiyya","nameHe":"כעבייה","regionEn":"Northern District","regionHe":"מחוז הצפון","type":"town"}},{"type":"Feature","geometry":{"type":"Point","coordinates":[35.14968,33.02122]},"properties":{"id":"geonames-294616","nameEn":"Kabri","nameHe":"כַּבְּרִי","regionEn":"Northern District","regionHe":"מחוז הצפון","type":"town"}},{"type":"Feature","geometry":{"type":"Point","coordinates":[35.21171,32.86856]},"properties":{"id":"geonames-294615","nameEn":"Kabul","nameHe":"כאבול","regionEn":"Northern District","regionHe":"מחוז הצפון","type":"town"}},{"type":"Feature","geometry":{"type":"Point","coordinates":[34.9194,32.27782]},"properties":{"id":"geonames-11524864","nameEn":"Kadima Zoran","nameHe":"קדימה צורן","regionEn":"Central District","regionHe":"מחוז המרכז","type":"city"}},{"type":"Feature","geometry":{"type":"Point","coordinates":[34.97079,32.13136]},"properties":{"id":"geonames-294613","nameEn":"Kafr Bara","nameHe":"כַּפְר בַּרָא","regionEn":"Central District","regionHe":"מחוז המרכז","type":"town"}},{"type":"Feature","geometry":{"type":"Point","coordinates":[35.44122,32.72129]},"properties":{"id":"geonames-294611","nameEn":"Kafr Kamma","nameHe":"כפר כמא","regionEn":"Northern District","regionHe":"מחוז הצפון","type":"town"}},{"type":"Feature","geometry":{"type":"Point","coordinates":[35.34242,32.7466]},"properties":{"id":"geonames-294610","nameEn":"Kafr Kanna","nameHe":"כפר כנא","regionEn":"Northern District","regionHe":"מחוז הצפון","type":"city"}},{"type":"Feature","geometry":{"type":"Point","coordinates":[35.26009,32.81034]},"properties":{"id":"geonames-294608","nameEn":"Kafr Manda","nameHe":"כפר מנדא","regionEn":"Northern District","regionHe":"מחוז הצפון","type":"city"}},{"type":"Feature","geometry":{"type":"Point","coordinates":[35.42147,32.64521]},"properties":{"id":"geonames-294607","nameEn":"Kafr Misr","nameHe":"כפר מצר","regionEn":"Northern District","regionHe":"מחוז הצפון","type":"town"}},{"type":"Feature","geometry":{"type":"Point","coordinates":[35.05392,32.50666]},"properties":{"id":"geonames-294605","nameEn":"Kafr Qari'","nameHe":"כַּפְר קַרִע","regionEn":"Haifa","regionHe":"מחוז חיפה","type":"town"}},{"type":"Feature","geometry":{"type":"Point","coordinates":[34.97624,32.11406]},"properties":{"id":"geonames-294604","nameEn":"Kafr Qasim","nameHe":"כַּפְר קָאסִם","regionEn":"Central District","regionHe":"מחוז המרכז","type":"city"}},{"type":"Feature","geometry":{"type":"Point","coordinates":[35.51049,32.89231]},"properties":{"id":"geonames-8140375","nameEn":"Kahal","nameHe":"כחל","regionEn":"Northern District","regionHe":"מחוז הצפון","type":"locality"}},{"type":"Feature","geometry":{"type":"Point","coordinates":[35.45326,32.8754]},"properties":{"id":"geonames-386245","nameEn":"Kallanit","nameHe":"כלנית","regionEn":"Northern District","regionHe":"מחוז הצפון","type":"locality"}},{"type":"Feature","geometry":{"type":"Point","coordinates":[35.35991,32.91366]},"properties":{"id":"geonames-9618076","nameEn":"Kammana","nameHe":"כמאנה","regionEn":"Northern District","regionHe":"מחוז הצפון","type":"town"}},{"type":"Feature","geometry":{"type":"Point","coordinates":[35.36075,32.90891]},"properties":{"id":"geonames-386301","nameEn":"Kammon","nameHe":"כַּמּוֹן","regionEn":"Northern District","regionHe":"מחוז הצפון","type":"town"}},{"type":"Feature","geometry":{"type":"Point","coordinates":[34.75202,31.80263]},"properties":{"id":"geonames-294595","nameEn":"Kannot","nameHe":"כנות","regionEn":"Southern District","regionHe":"מחוז הדרום","type":"locality"}},{"type":"Feature","geometry":{"type":"Point","coordinates":[35.60774,32.92862]},"properties":{"id":"geonames-8309930","nameEn":"Karkom","nameHe":"כרכם","regionEn":"Northern District","regionHe":"מחוז הצפון","type":"locality"}},{"type":"Feature","geometry":{"type":"Point","coordinates":[34.92024,31.84833]},"properties":{"id":"geonames-8183071","nameEn":"Karme Yosef","nameHe":"כַּרְמֵי יוֹסֵף","regionEn":"Central District","regionHe":"מחוז המרכז","type":"town"}},{"type":"Feature","geometry":{"type":"Point","coordinates":[35.30501,32.91708]},"properties":{"id":"geonames-294577","nameEn":"Karmi'el","nameHe":"כרמיאל","regionEn":"Northern District","regionHe":"מחוז הצפון","type":"city"}},{"type":"Feature","geometry":{"type":"Point","coordinates":[35.24848,32.83155]},"properties":{"id":"geonames-294571","nameEn":"Kaukab Abu el Hija","nameHe":"כַּוּכַּבּ אַבּוּ אל-הִיגַ'א","regionEn":"Northern District","regionHe":"מחוז הצפון","type":"town"}},{"type":"Feature","geometry":{"type":"Point","coordinates":[34.87537,32.38036]},"properties":{"id":"geonames-294498","nameEn":"Kefar Vitqin","nameHe":"כְּפַר וִיתְקִין","regionEn":"Central District","regionHe":"מחוז המרכז","type":"town"}},{"type":"Feature","geometry":{"type":"Point","coordinates":[35.201,32.985]},"properties":{"id":"geonames-8066329","nameEn":"Kelil","nameHe":"כליל","regionEn":"Northern District","regionHe":"מחוז הצפון","type":"locality"}},{"type":"Feature","geometry":{"type":"Point","coordinates":[34.43185,30.91086]},"properties":{"id":"geonames-8184854","nameEn":"Kemehin","nameHe":"כמהין","regionEn":"Southern District","regionHe":"מחוז הדרום","type":"locality"}},{"type":"Feature","geometry":{"type":"Point","coordinates":[34.91737,31.33239]},"properties":{"id":"geonames-8374223","nameEn":"Keramim","nameHe":"כרמים","regionEn":"Southern District","regionHe":"מחוז הדרום","type":"locality"}},{"type":"Feature","geometry":{"type":"Point","coordinates":[35.46872,33.03833]},"properties":{"id":"geonames-294483","nameEn":"Kerem Ben Zimra","nameHe":"כרם בן זמרה","regionEn":"Northern District","regionHe":"מחוז הצפון","type":"locality"}},{"type":"Feature","geometry":{"type":"Point","coordinates":[34.28459,31.22777]},"properties":{"id":"geonames-294481","nameEn":"Kerem Shalom","nameHe":"כרם שלום","regionEn":"Southern District","regionHe":"מחוז הדרום","type":"locality"}},{"type":"Feature","geometry":{"type":"Point","coordinates":[35.0613,29.9702]},"properties":{"id":"geonames-6620954","nameEn":"Ketura","nameHe":"קטורה","regionEn":"Southern District","regionHe":"מחוז הדרום","type":"locality"}},{"type":"Feature","geometry":{"type":"Point","coordinates":[35.60982,33.17172]},"properties":{"id":"geonames-294555","nameEn":"Kfar Blum","nameHe":"כפר בלום","regionEn":"Northern District","regionHe":"מחוז הצפון","type":"locality"}},{"type":"Feature","geometry":{"type":"Point","coordinates":[35.57515,33.24228]},"properties":{"id":"geonames-294547","nameEn":"Kfar Gil'adi","nameHe":"כפר גלעדי","regionEn":"Northern District","regionHe":"מחוז הצפון","type":"locality"}},{"type":"Feature","geometry":{"type":"Point","coordinates":[34.93562,32.24714]},"properties":{"id":"geonames-294533","nameEn":"Kfar Hess","nameHe":"כְּפַר הֶס","regionEn":"Central District","regionHe":"מחוז המרכז","type":"town"}},{"type":"Feature","geometry":{"type":"Point","coordinates":[35.03669,31.91982]},"properties":{"id":"geonames-8199384","nameEn":"Kfar NaOranim","nameHe":"כְּפָר הָאֳרָנִים","regionEn":"Israel","regionHe":"ישראל","type":"town"}},{"type":"Feature","geometry":{"type":"Point","coordinates":[35.03428,31.90977]},"properties":{"id":"geonames-8199380","nameEn":"Kfar Rut","nameHe":"כפר רות","regionEn":"Israel","regionHe":"ישראל","type":"locality"}},{"type":"Feature","geometry":{"type":"Point","coordinates":[34.90694,32.175]},"properties":{"id":"geonames-294514","nameEn":"Kfar Saba","nameHe":"כפר סבא","regionEn":"Central District","regionHe":"מחוז המרכז","type":"city"}},{"type":"Feature","geometry":{"type":"Point","coordinates":[35.65836,33.19591]},"properties":{"id":"geonames-294503","nameEn":"Kfar Szold","nameHe":"כפר סאלד","regionEn":"Northern District","regionHe":"מחוז הצפון","type":"locality"}},{"type":"Feature","geometry":{"type":"Point","coordinates":[35.1623,32.95451]},"properties":{"id":"geonames-294600","nameEn":"Kfar Yasif","nameHe":"כַּפְר יָסִיף","regionEn":"Northern District","regionHe":"מחוז הצפון","type":"town"}},{"type":"Feature","geometry":{"type":"Point","coordinates":[34.53306,31.48406]},"properties":{"id":"geonames-294563","nameEn":"Kfar`Azza","nameHe":"כפר עזה","regionEn":"Southern District","regionHe":"מחוז הדרום","type":"locality"}},{"type":"Feature","geometry":{"type":"Point","coordinates":[34.75681,31.7448]},"properties":{"id":"geonames-294567","nameEn":"KfarAhim","nameHe":"כפר אחים","regionEn":"Southern District","regionHe":"מחוז הדרום","type":"locality"}},{"type":"Feature","geometry":{"type":"Point","coordinates":[35.08756,32.82126]},"properties":{"id":"geonames-294559","nameEn":"KfarBialik","nameHe":"כפר ביאליק","regionEn":"Haifa","regionHe":"מחוז חיפה","type":"locality"}},{"type":"Feature","geometry":{"type":"Point","coordinates":[34.82108,31.87702]},"properties":{"id":"geonames-294558","nameEn":"KfarBilu","nameHe":"כְּפַר בִּילוּ","regionEn":"Central District","regionHe":"מחוז המרכז","type":"town"}},{"type":"Feature","geometry":{"type":"Point","coordinates":[34.94762,31.86205]},"properties":{"id":"geonames-294557","nameEn":"KfarBinNun","nameHe":"כפר בן נון","regionEn":"Central District","regionHe":"מחוז המרכז","type":"locality"}},{"type":"Feature","geometry":{"type":"Point","coordinates":[34.95887,32.7662]},"properties":{"id":"geonames-294551","nameEn":"KfarGallim","nameHe":"כפר גלים","regionEn":"Haifa","regionHe":"מחוז חיפה","type":"locality"}},{"type":"Feature","geometry":{"type":"Point","coordinates":[35.00505,32.50549]},"properties":{"id":"geonames-294546","nameEn":"KfarGlickson","nameHe":"כפר גליקסון","regionEn":"Haifa","regionHe":"מחוז חיפה","type":"locality"}},{"type":"Feature","geometry":{"type":"Point","coordinates":[34.8516,31.98793]},"properties":{"id":"geonames-294545","nameEn":"KfarHabad","nameHe":"כְּפַר חַבָּד","regionEn":"Central District","regionHe":"מחוז המרכז","type":"town"}},{"type":"Feature","geometry":{"type":"Point","coordinates":[34.91163,32.39245]},"properties":{"id":"geonames-294537","nameEn":"KfarHaRo'e","nameHe":"כְּפַר הָרֹאֶה","regionEn":"Central District","regionHe":"מחוז המרכז","type":"town"}},{"type":"Feature","geometry":{"type":"Point","coordinates":[35.50276,32.79961]},"properties":{"id":"geonames-294532","nameEn":"KfarHittim","nameHe":"כפר חטים","regionEn":"Northern District","regionHe":"מחוז הצפון","type":"town"}},{"type":"Feature","geometry":{"type":"Point","coordinates":[35.44049,33.01209]},"properties":{"id":"geonames-293464","nameEn":"KfarHoshen","nameHe":"כפר חושן","regionEn":"Northern District","regionHe":"מחוז הצפון","type":"locality"}},{"type":"Feature","geometry":{"type":"Point","coordinates":[35.44893,32.66686]},"properties":{"id":"geonames-294518","nameEn":"KfarKisch","nameHe":"כפר קיש","regionEn":"Northern District","regionHe":"מחוז הצפון","type":"locality"}},{"type":"Feature","geometry":{"type":"Point","coordinates":[34.89828,32.16656]},"properties":{"id":"geonames-294530","nameEn":"KfarMalal","nameHe":"כפר מל’’ל","regionEn":"Central District","regionHe":"מחוז המרכז","type":"locality"}},{"type":"Feature","geometry":{"type":"Point","coordinates":[35.09889,32.89019]},"properties":{"id":"geonames-294528","nameEn":"KfarMasaryk","nameHe":"כפר מסריק","regionEn":"Northern District","regionHe":"מחוז הצפון","type":"locality"}},{"type":"Feature","geometry":{"type":"Point","coordinates":[34.53672,31.43286]},"properties":{"id":"geonames-294527","nameEn":"KfarMaymon","nameHe":"כפר מימון","regionEn":"Southern District","regionHe":"מחוז הדרום","type":"locality"}},{"type":"Feature","geometry":{"type":"Point","coordinates":[34.83547,31.73139]},"properties":{"id":"geonames-294526","nameEn":"KfarMenahem","nameHe":"כְּפַר מְנַחֵם","regionEn":"Southern District","regionHe":"מחוז הדרום","type":"town"}},{"type":"Feature","geometry":{"type":"Point","coordinates":[34.91628,32.3471]},"properties":{"id":"geonames-294525","nameEn":"KfarMonash","nameHe":"כְּפַר מוֹנַשׁ","regionEn":"Central District","regionHe":"מחוז המרכז","type":"locality"}},{"type":"Feature","geometry":{"type":"Point","coordinates":[34.75713,31.82997]},"properties":{"id":"geonames-294524","nameEn":"KfarMordekhay","nameHe":"כפר מרדכי","regionEn":"Central District","regionHe":"מחוז המרכז","type":"locality"}},{"type":"Feature","geometry":{"type":"Point","coordinates":[34.87349,32.273]},"properties":{"id":"geonames-294521","nameEn":"KfarNetter","nameHe":"כְּפַר נֶטֶר","regionEn":"Central District","regionHe":"מחוז המרכז","type":"town"}},{"type":"Feature","geometry":{"type":"Point","coordinates":[35.00294,32.48372]},"properties":{"id":"geonames-294520","nameEn":"KfarPines","nameHe":"כפר פינס","regionEn":"Haifa","regionHe":"מחוז חיפה","type":"town"}},{"type":"Feature","geometry":{"type":"Point","coordinates":[35.11588,33.08571]},"properties":{"id":"geonames-294517","nameEn":"KfarRoshHaNiqra","nameHe":"כפר ראש הנקרה","regionEn":"Northern District","regionHe":"מחוז הצפון","type":"town"}},{"type":"Feature","geometry":{"type":"Point","coordinates":[35.55708,32.45856]},"properties":{"id":"geonames-294516","nameEn":"KfarRuppin","nameHe":"כפר רופין","regionEn":"Northern District","regionHe":"מחוז הצפון","type":"locality"}},{"type":"Feature","geometry":{"type":"Point","coordinates":[34.82082,32.18529]},"properties":{"id":"geonames-294508","nameEn":"KfarShmaryahu","nameHe":"כפר שמריהו","regionEn":"Tel Aviv","regionHe":"מחוז תל אביב","type":"town"}},{"type":"Feature","geometry":{"type":"Point","coordinates":[34.93152,31.89032]},"properties":{"id":"geonames-294507","nameEn":"KfarShmu'el","nameHe":"כְּפַר שְׁמוּאֵל","regionEn":"Central District","regionHe":"מחוז המרכז","type":"locality"}},{"type":"Feature","geometry":{"type":"Point","coordinates":[34.92261,32.07804]},"properties":{"id":"geonames-294505","nameEn":"KfarSyrkin","nameHe":"כְּפַר סִירְקִין","regionEn":"Central District","regionHe":"מחוז המרכז","type":"town"}},{"type":"Feature","geometry":{"type":"Point","coordinates":[35.42118,32.68655]},"properties":{"id":"geonames-294502","nameEn":"KfarTavor","nameHe":"כפר תבור","regionEn":"Northern District","regionHe":"מחוז הצפון","type":"town"}},{"type":"Feature","geometry":{"type":"Point","coordinates":[35.27793,32.99385]},"properties":{"id":"geonames-386445","nameEn":"KfarVeradim","nameHe":"כפר ורדים","regionEn":"Northern District","regionHe":"מחוז הצפון","type":"town"}},{"type":"Feature","geometry":{"type":"Point","coordinates":[34.72405,31.71945]},"properties":{"id":"geonames-294497","nameEn":"KfarWarburg","nameHe":"כְּפַר וַרְבּוּרְג","regionEn":"Southern District","regionHe":"מחוז הדרום","type":"town"}},{"type":"Feature","geometry":{"type":"Point","coordinates":[34.93507,32.31669]},"properties":{"id":"geonames-294492","nameEn":"KfarYona","nameHe":"כפר יונה","regionEn":"Central District","regionHe":"מחוז המרכז","type":"city"}},{"type":"Feature","geometry":{"type":"Point","coordinates":[34.91424,31.14229]},"properties":{"id":"geonames-8374146","nameEn":"Khirbat Abu Tulul","nameHe":"חרבת אבו תלול","regionEn":"Southern District","regionHe":"מחוז הדרום","type":"town"}},{"type":"Feature","geometry":{"type":"Point","coordinates":[35.5662,32.72264]},"properties":{"id":"geonames-294461","nameEn":"Kinneret","nameHe":"כנרת","regionEn":"Northern District","regionHe":"מחוז הצפון","type":"locality"}},{"type":"Feature","geometry":{"type":"Point","coordinates":[35.56301,32.7138]},"properties":{"id":"geonames-294462","nameEn":"Kinneret","nameHe":"כנרת","regionEn":"Northern District","regionHe":"מחוז הצפון","type":"locality"}},{"type":"Feature","geometry":{"type":"Point","coordinates":[34.76422,31.60998]},"properties":{"id":"geonames-293842","nameEn":"Kiryat Gat","nameHe":"קריית גת","regionEn":"Southern District","regionHe":"מחוז הדרום","type":"city"}},{"type":"Feature","geometry":{"type":"Point","coordinates":[35.11222,32.11689]},"properties":{"id":"geonames-282163","nameEn":"Kiryat Netafim","nameHe":"קִרְיַת נְטָפִים","regionEn":"Israel","regionHe":"ישראל","type":"locality"}},{"type":"Feature","geometry":{"type":"Point","coordinates":[34.85618,32.06124]},"properties":{"id":"geonames-12031840","nameEn":"Kiryat Ono","nameHe":"קִרְיַת אוֹנוֹ","regionEn":"Tel Aviv","regionHe":"מחוז תל אביב","type":"city"}},{"type":"Feature","geometry":{"type":"Point","coordinates":[35.29877,32.97262]},"properties":{"id":"geonames-11979665","nameEn":"Kisra - Sume'a","nameHe":"כִּסְרָא-סֻמֵיע","regionEn":"Northern District","regionHe":"מחוז הצפון","type":"town"}},{"type":"Feature","geometry":{"type":"Point","coordinates":[34.3984,31.37493]},"properties":{"id":"geonames-294453","nameEn":"Kissufim","nameHe":"כסופים","regionEn":"Southern District","regionHe":"מחוז הדרום","type":"locality"}},{"type":"Feature","geometry":{"type":"Point","coordinates":[34.66904,31.62804]},"properties":{"id":"geonames-294449","nameEn":"Kokhav Michael Sobell","nameHe":"כּוֹכַב מִיכָאֵל","regionEn":"Southern District","regionHe":"מחוז הדרום","type":"town"}},{"type":"Feature","geometry":{"type":"Point","coordinates":[35.00222,32.22623]},"properties":{"id":"geonames-8141161","nameEn":"Kokhav Ya'ir","nameHe":"כּוֹכַב יָאִיר-צוּר יִגְאָל","regionEn":"Central District","regionHe":"מחוז המרכז","type":"town"}},{"type":"Feature","geometry":{"type":"Point","coordinates":[35.5526,32.91072]},"properties":{"id":"geonames-9199624","nameEn":"Korazim","nameHe":"כרזים","regionEn":"Northern District","regionHe":"מחוז הצפון","type":"locality"}},{"type":"Feature","geometry":{"type":"Point","coordinates":[35.0931,31.24535]},"properties":{"id":"geonames-8374220","nameEn":"Kuseifa","nameHe":"כְּסֵיפָה","regionEn":"Southern District","regionHe":"מחוז הדרום","type":"city"}},{"type":"Feature","geometry":{"type":"Point","coordinates":[35.64678,33.14166]},"properties":{"id":"geonames-294436","nameEn":"Lahavot HaBashan","nameHe":"להבות הבשן","regionEn":"Northern District","regionHe":"מחוז הצפון","type":"locality"}},{"type":"Feature","geometry":{"type":"Point","coordinates":[35.00977,32.39517]},"properties":{"id":"geonames-294435","nameEn":"Lahavot Haviva","nameHe":"לְהֲבוֹת חֲבִיבָה","regionEn":"Haifa","regionHe":"מחוז חיפה","type":"town"}},{"type":"Feature","geometry":{"type":"Point","coordinates":[35.03222,31.91764]},"properties":{"id":"geonames-8199383","nameEn":"Lapid","nameHe":"לפיד","regionEn":"Central District","regionHe":"מחוז המרכז","type":"town"}},{"type":"Feature","geometry":{"type":"Point","coordinates":[35.26146,32.95904]},"properties":{"id":"geonames-386435","nameEn":"Lappidot","nameHe":"לפידות","regionEn":"Northern District","regionHe":"מחוז הצפון","type":"locality"}},{"type":"Feature","geometry":{"type":"Point","coordinates":[34.8589,31.3185]},"properties":{"id":"geonames-8184241","nameEn":"Laqiyya","nameHe":"לָקִיָּה","regionEn":"Southern District","regionHe":"מחוז הדרום","type":"town"}},{"type":"Feature","geometry":{"type":"Point","coordinates":[34.81619,31.37284]},"properties":{"id":"geonames-6693244","nameEn":"Lehavim","nameHe":"להבים","regionEn":"Southern District","regionHe":"מחוז הדרום","type":"town"}},{"type":"Feature","geometry":{"type":"Point","coordinates":[34.93464,31.67744]},"properties":{"id":"geonames-294422","nameEn":"Li On","nameHe":"לִי אוֹן","regionEn":"Jerusalem","regionHe":"מחוז ירושלים","type":"town"}},{"type":"Feature","geometry":{"type":"Point","coordinates":[35.49467,32.86404]},"properties":{"id":"geonames-8309914","nameEn":"Livnim","nameHe":"לבנים","regionEn":"Northern District","regionHe":"מחוז הצפון","type":"locality"}},{"type":"Feature","geometry":{"type":"Point","coordinates":[34.8903,31.9467]},"properties":{"id":"geonames-294421","nameEn":"Lod","nameHe":"לוד","regionEn":"Central District","regionHe":"מחוז המרכז","type":"city"}},{"type":"Feature","geometry":{"type":"Point","coordinates":[35.08806,29.98693]},"properties":{"id":"geonames-8336718","nameEn":"Lotan","nameHe":"לוטן","regionEn":"Southern District","regionHe":"מחוז הדרום","type":"locality"}},{"type":"Feature","geometry":{"type":"Point","coordinates":[35.35882,32.88179]},"properties":{"id":"geonames-386251","nameEn":"Lotem","nameHe":"לטם","regionEn":"Northern District","regionHe":"מחוז הצפון","type":"locality"}},{"type":"Feature","geometry":{"type":"Point","coordinates":[35.60057,32.70634]},"properties":{"id":"geonames-167636","nameEn":"Ma'agan","nameHe":"מעגן","regionEn":"Northern District","regionHe":"מחוז הצפון","type":"locality"}},{"type":"Feature","geometry":{"type":"Point","coordinates":[34.91638,32.55549]},"properties":{"id":"geonames-294410","nameEn":"Ma'agan Mikha'el","nameHe":"מַעֲגַן מִיכָאֵל","regionEn":"Haifa","regionHe":"מחוז חיפה","type":"town"}},{"type":"Feature","geometry":{"type":"Point","coordinates":[35.11109,31.81812]},"properties":{"id":"geonames-294406","nameEn":"Ma'ale HaHamisha","nameHe":"מעלה החמשה","regionEn":"Jerusalem","regionHe":"מחוז ירושלים","type":"locality"}},{"type":"Feature","geometry":{"type":"Point","coordinates":[35.02889,32.45617]},"properties":{"id":"geonames-294404","nameEn":"Ma'anit","nameHe":"מענית","regionEn":"Haifa","regionHe":"מחוז חיפה","type":"locality"}},{"type":"Feature","geometry":{"type":"Point","coordinates":[34.5995,31.39688]},"properties":{"id":"geonames-294392","nameEn":"Ma'galim","nameHe":"מַעְגָלִים","regionEn":"Southern District","regionHe":"מחוז הדרום","type":"town"}},{"type":"Feature","geometry":{"type":"Point","coordinates":[35.00513,32.42306]},"properties":{"id":"geonames-294347","nameEn":"Ma'or","nameHe":"מָאוֹר","regionEn":"Haifa","regionHe":"מחוז חיפה","type":"town"}},{"type":"Feature","geometry":{"type":"Point","coordinates":[35.609,33.24032]},"properties":{"id":"geonames-294307","nameEn":"Ma'yan Barukh","nameHe":"מעין ברוך","regionEn":"Northern District","regionHe":"מחוז הצפון","type":"locality"}},{"type":"Feature","geometry":{"type":"Point","coordinates":[34.94063,32.5686]},"properties":{"id":"geonames-294306","nameEn":"Ma`yanTsvi","nameHe":"מעין צבי","regionEn":"Haifa","regionHe":"מחוז חיפה","type":"locality"}},{"type":"Feature","geometry":{"type":"Point","coordinates":[35.18412,32.55382]},"properties":{"id":"geonames-11979755","nameEn":"Maale Iron","nameHe":"מעלה עירון","regionEn":"Northern District","regionHe":"מחוז הצפון","type":"town"}},{"type":"Feature","geometry":{"type":"Point","coordinates":[35.26667,33.01667]},"properties":{"id":"geonames-293420","nameEn":"maalot Tarshiha","nameHe":"מַעֲלוֹת-תַּרְשִׁיחָא","regionEn":"Northern District","regionHe":"מחוז הצפון","type":"city"}},{"type":"Feature","geometry":{"type":"Point","coordinates":[34.65477,31.44965]},"properties":{"id":"geonames-294395","nameEn":"Mabbu'im","nameHe":"מַבּוּעִים","regionEn":"Southern District","regionHe":"מחוז הדרום","type":"town"}},{"type":"Feature","geometry":{"type":"Point","coordinates":[35.30776,32.52174]},"properties":{"id":"geonames-385959","nameEn":"Magen Sha'ul","nameHe":"מגן שאול","regionEn":"Northern District","regionHe":"מחוז הצפון","type":"locality"}},{"type":"Feature","geometry":{"type":"Point","coordinates":[35.0368,32.38506]},"properties":{"id":"geonames-294388","nameEn":"Maggal","nameHe":"מגל","regionEn":"Haifa","regionHe":"מחוז חיפה","type":"town"}},{"type":"Feature","geometry":{"type":"Point","coordinates":[35.40703,32.88984]},"properties":{"id":"geonames-294387","nameEn":"Maghar","nameHe":"מַעָ'אר","regionEn":"Northern District","regionHe":"מחוז הצפון","type":"city"}},{"type":"Feature","geometry":{"type":"Point","coordinates":[35.00704,31.74854]},"properties":{"id":"geonames-294377","nameEn":"Mahseya","nameHe":"מחסיה","regionEn":"Jerusalem","regionHe":"מחוז ירושלים","type":"locality"}},{"type":"Feature","geometry":{"type":"Point","coordinates":[35.25568,32.92186]},"properties":{"id":"geonames-294373","nameEn":"Majd el Kurum","nameHe":"בית כרם","regionEn":"Northern District","regionHe":"מחוז הצפון","type":"town"}},{"type":"Feature","geometry":{"type":"Point","coordinates":[35.7716,33.27029]},"properties":{"id":"geonames-167444","nameEn":"Majdal Shams","nameHe":"מַגְ'דַל שַׁמְס","regionEn":"Northern District","regionHe":"מחוז הצפון","type":"town"}},{"type":"Feature","geometry":{"type":"Point","coordinates":[35.23684,32.85399]},"properties":{"id":"geonames-8261970","nameEn":"Manof","nameHe":"מנוף","regionEn":"Northern District","regionHe":"מחוז הצפון","type":"locality"}},{"type":"Feature","geometry":{"type":"Point","coordinates":[35.19354,32.70638]},"properties":{"id":"geonames-9978429","nameEn":"Manshiyet Zabda","nameHe":"מנשייה זבדה‎","regionEn":"Northern District","regionHe":"מחוז הצפון","type":"town"}},{"type":"Feature","geometry":{"type":"Point","coordinates":[34.78646,31.00343]},"properties":{"id":"geonames-294328","nameEn":"Mash'abbe Sade","nameHe":"משאבי שדה","regionEn":"Southern District","regionHe":"מחוז הדרום","type":"locality"}},{"type":"Feature","geometry":{"type":"Point","coordinates":[34.62309,31.65791]},"properties":{"id":"geonames-294322","nameEn":"Mash'en","nameHe":"מַשְׁעֵן","regionEn":"Southern District","regionHe":"מחוז הדרום","type":"town"}},{"type":"Feature","geometry":{"type":"Point","coordinates":[34.59056,31.32485]},"properties":{"id":"geonames-294318","nameEn":"Maslul","nameHe":"מסלול","regionEn":"Southern District","regionHe":"מחוז הדרום","type":"locality"}},{"type":"Feature","geometry":{"type":"Point","coordinates":[35.42213,32.84383]},"properties":{"id":"geonames-386213","nameEn":"Massad","nameHe":"מסד","regionEn":"Northern District","regionHe":"מחוז הצפון","type":"locality"}},{"type":"Feature","geometry":{"type":"Point","coordinates":[35.59848,32.68373]},"properties":{"id":"geonames-294315","nameEn":"Massada","nameHe":"מסדה","regionEn":"Northern District","regionHe":"מחוז הצפון","type":"locality"}},{"type":"Feature","geometry":{"type":"Point","coordinates":[34.69129,31.70297]},"properties":{"id":"geonames-294312","nameEn":"Massu'otYitshaq","nameHe":"משואות יצחק","regionEn":"Southern District","regionHe":"מחוז הדרום","type":"locality"}},{"type":"Feature","geometry":{"type":"Point","coordinates":[34.97413,32.15856]},"properties":{"id":"geonames-8428532","nameEn":"Matan","nameHe":"מתן","regionEn":"Central District","regionHe":"מחוז המרכז","type":"town"}},{"type":"Feature","geometry":{"type":"Point","coordinates":[34.87134,31.90669]},"properties":{"id":"geonames-294302","nameEn":"Matsliah","nameHe":"מַצְלִיחַ","regionEn":"Central District","regionHe":"מחוז המרכז","type":"town"}},{"type":"Feature","geometry":{"type":"Point","coordinates":[35.15758,33.06351]},"properties":{"id":"geonames-294295","nameEn":"Matsuva","nameHe":"מַצּוּבָה","regionEn":"Northern District","regionHe":"מחוז הצפון","type":"town"}},{"type":"Feature","geometry":{"type":"Point","coordinates":[35.06141,31.71811]},"properties":{"id":"geonames-294310","nameEn":"Matta'","nameHe":"מטע","regionEn":"Jerusalem","regionHe":"מחוז ירושלים","type":"locality"}},{"type":"Feature","geometry":{"type":"Point","coordinates":[35.35858,33.04134]},"properties":{"id":"geonames-8309794","nameEn":"Mattat","nameHe":"מתת","regionEn":"Northern District","regionHe":"מחוז הצפון","type":"locality"}},{"type":"Feature","geometry":{"type":"Point","coordinates":[34.57817,31.62207]},"properties":{"id":"geonames-294308","nameEn":"Mavqi'im","nameHe":"מבקיעים","regionEn":"Southern District","regionHe":"מחוז הדרום","type":"locality"}},{"type":"Feature","geometry":{"type":"Point","coordinates":[34.84646,31.85357]},"properties":{"id":"geonames-294303","nameEn":"Mazkeret Batya","nameHe":"מזכרת בתיה","regionEn":"Central District","regionHe":"מחוז המרכז","type":"town"}},{"type":"Feature","geometry":{"type":"Point","coordinates":[34.92291,32.05115]},"properties":{"id":"geonames-390289","nameEn":"Mazor","nameHe":"מָזוֹר","regionEn":"Central District","regionHe":"מחוז המרכז","type":"town"}},{"type":"Feature","geometry":{"type":"Point","coordinates":[35.14869,32.50503]},"properties":{"id":"geonames-294293","nameEn":"Me 'Ammi","nameHe":"מי עמי","regionEn":"Haifa","regionHe":"מחוז חיפה","type":"locality"}},{"type":"Feature","geometry":{"type":"Point","coordinates":[34.97126,32.59108]},"properties":{"id":"geonames-294282","nameEn":"Me'ir Shefeya","nameHe":"מאיר שפיה","regionEn":"Haifa","regionHe":"מחוז חיפה","type":"locality"}},{"type":"Feature","geometry":{"type":"Point","coordinates":[35.2595,33.01685]},"properties":{"id":"geonames-294263","nameEn":"Me'ona","nameHe":"מְעוֹנָה","regionEn":"Northern District","regionHe":"מחוז הצפון","type":"locality"}},{"type":"Feature","geometry":{"type":"Point","coordinates":[34.5637,31.50125]},"properties":{"id":"geonames-294288","nameEn":"Mefallesim","nameHe":"מְפַלְּסִים","regionEn":"Southern District","regionHe":"מחוז הדרום","type":"town"}},{"type":"Feature","geometry":{"type":"Point","coordinates":[34.95631,32.72815]},"properties":{"id":"geonames-294286","nameEn":"Megadim","nameHe":"מְגָדִים","regionEn":"Haifa","regionHe":"מחוז חיפה","type":"town"}},{"type":"Feature","geometry":{"type":"Point","coordinates":[35.04134,32.44445]},"properties":{"id":"geonames-294470","nameEn":"Meisir","nameHe":"חרבת מיסר","regionEn":"Haifa","regionHe":"מחוז חיפה","type":"town"}},{"type":"Feature","geometry":{"type":"Point","coordinates":[34.93855,31.32726]},"properties":{"id":"geonames-8062538","nameEn":"Meitar","nameHe":"מֵיתָר","regionEn":"Southern District","regionHe":"מחוז הדרום","type":"town"}},{"type":"Feature","geometry":{"type":"Point","coordinates":[35.23747,32.56331]},"properties":{"id":"geonames-294279","nameEn":"Mele'a","nameHe":"מלאה","regionEn":"Northern District","regionHe":"מחוז הצפון","type":"locality"}},{"type":"Feature","geometry":{"type":"Point","coordinates":[34.59661,31.39015]},"properties":{"id":"geonames-294278","nameEn":"Melilot","nameHe":"מלילות","regionEn":"Southern District","regionHe":"מחוז הדרום","type":"locality"}},{"type":"Feature","geometry":{"type":"Point","coordinates":[35.555,32.66662]},"properties":{"id":"geonames-294273","nameEn":"Menahemya","nameHe":"מְנַחֶמְיָה","regionEn":"Northern District","regionHe":"מחוז הצפון","type":"town"}},{"type":"Feature","geometry":{"type":"Point","coordinates":[35.54393,33.19691]},"properties":{"id":"geonames-293771","nameEn":"Menara","nameHe":"מנרה","regionEn":"Northern District","regionHe":"מחוז הצפון","type":"locality"}},{"type":"Feature","geometry":{"type":"Point","coordinates":[34.77693,31.6569]},"properties":{"id":"geonames-294268","nameEn":"Menuha","nameHe":"מנוחה","regionEn":"Southern District","regionHe":"מחוז הדרום","type":"locality"}},{"type":"Feature","geometry":{"type":"Point","coordinates":[35.42354,32.45182]},"properties":{"id":"geonames-9887822","nameEn":"Merav","nameHe":"מירב","regionEn":"Northern District","regionHe":"מחוז הצפון","type":"locality"}},{"type":"Feature","geometry":{"type":"Point","coordinates":[35.30782,32.60432]},"properties":{"id":"geonames-294260","nameEn":"Merhavya","nameHe":"מרחביה","regionEn":"Northern District","regionHe":"מחוז הצפון","type":"locality"}},{"type":"Feature","geometry":{"type":"Point","coordinates":[34.70895,31.69874]},"properties":{"id":"geonames-8072868","nameEn":"Merkaz Shapira","nameHe":"מֶרְכַּז שַׁפִּירָא","regionEn":"Southern District","regionHe":"מחוז הדרום","type":"town"}},{"type":"Feature","geometry":{"type":"Point","coordinates":[35.44087,32.9878]},"properties":{"id":"geonames-294258","nameEn":"Meron","nameHe":"מירון","regionEn":"Northern District","regionHe":"מחוז הצפון","type":"locality"}},{"type":"Feature","geometry":{"type":"Point","coordinates":[34.75293,31.81613]},"properties":{"id":"geonames-294256","nameEn":"Meshar","nameHe":"מישר","regionEn":"Central District","regionHe":"מחוז המרכז","type":"locality"}},{"type":"Feature","geometry":{"type":"Point","coordinates":[35.01095,31.802]},"properties":{"id":"geonames-294252","nameEn":"MesillatTsiyyon","nameHe":"מְסִלַּת צִיּוֹן","regionEn":"Jerusalem","regionHe":"מחוז ירושלים","type":"town"}},{"type":"Feature","geometry":{"type":"Point","coordinates":[35.47444,32.49587]},"properties":{"id":"geonames-294251","nameEn":"Mesillot","nameHe":"מסלות","regionEn":"Northern District","regionHe":"מחוז הצפון","type":"locality"}},{"type":"Feature","geometry":{"type":"Point","coordinates":[35.30123,32.5457]},"properties":{"id":"geonames-294249","nameEn":"Metav","nameHe":"מיטב","regionEn":"Northern District","regionHe":"מחוז הצפון","type":"locality"}},{"type":"Feature","geometry":{"type":"Point","coordinates":[35.04811,32.4401]},"properties":{"id":"geonames-294224","nameEn":"Metser","nameHe":"מצר","regionEn":"Haifa","regionHe":"מחוז חיפה","type":"locality"}},{"type":"Feature","geometry":{"type":"Point","coordinates":[35.5795,33.27918]},"properties":{"id":"geonames-294247","nameEn":"Metulla","nameHe":"מטלה","regionEn":"Northern District","regionHe":"מחוז הצפון","type":"town"}},{"type":"Feature","geometry":{"type":"Point","coordinates":[35.15072,31.80186]},"properties":{"id":"geonames-294245","nameEn":"MevasseretTsiyyon","nameHe":"מבשרת ציון","regionEn":"Jerusalem","regionHe":"מחוז ירושלים","type":"city"}},{"type":"Feature","geometry":{"type":"Point","coordinates":[35.10669,31.72177]},"properties":{"id":"geonames-294244","nameEn":"Mevo Betar","nameHe":"מְבוֹא בֵּיתָר","regionEn":"Jerusalem","regionHe":"מחוז ירושלים","type":"locality"}},{"type":"Feature","geometry":{"type":"Point","coordinates":[34.98703,31.93345]},"properties":{"id":"geonames-294243","nameEn":"Mevo Modi'im","nameHe":"מבוא מודיעים","regionEn":"Israel","regionHe":"ישראל","type":"locality"}},{"type":"Feature","geometry":{"type":"Point","coordinates":[35.15912,32.59517]},"properties":{"id":"geonames-294399","nameEn":"Midrakh 'Oz","nameHe":"מדרך עוז","regionEn":"Northern District","regionHe":"מחוז הצפון","type":"locality"}},{"type":"Feature","geometry":{"type":"Point","coordinates":[34.7834,30.85154]},"properties":{"id":"geonames-6929924","nameEn":"Midreshet Ben-Gurion","nameHe":"מדרשת בן גוריון","regionEn":"Southern District","regionHe":"מחוז הדרום","type":"town"}},{"type":"Feature","geometry":{"type":"Point","coordinates":[35.50145,32.8392]},"properties":{"id":"geonames-294214","nameEn":"Migdal","nameHe":"מִגְדָּל","regionEn":"Northern District","regionHe":"מחוז הצפון","type":"town"}},{"type":"Feature","geometry":{"type":"Point","coordinates":[35.23986,32.67597]},"properties":{"id":"geonames-294210","nameEn":"Migdal Ha'Emeq","nameHe":"מגדל העמק","regionEn":"Northern District","regionHe":"מחוז הצפון","type":"city"}},{"type":"Feature","geometry":{"type":"Point","coordinates":[35.32815,32.90591]},"properties":{"id":"geonames-386309","nameEn":"Mikhmannim","nameHe":"מכמנים","regionEn":"Northern District","regionHe":"מחוז הצפון","type":"locality"}},{"type":"Feature","geometry":{"type":"Point","coordinates":[34.87091,32.40535]},"properties":{"id":"geonames-294204","nameEn":"Mikhmoret","nameHe":"מִכְמֹרֶת","regionEn":"Central District","regionHe":"מחוז המרכז","type":"town"}},{"type":"Feature","geometry":{"type":"Point","coordinates":[35.54891,33.24744]},"properties":{"id":"geonames-294191","nameEn":"Misgav 'Am","nameHe":"משגב עם","regionEn":"Northern District","regionHe":"מחוז הצפון","type":"locality"}},{"type":"Feature","geometry":{"type":"Point","coordinates":[34.74012,31.81897]},"properties":{"id":"geonames-293093","nameEn":"Misgav Dov","nameHe":"זכר דב","regionEn":"Central District","regionHe":"מחוז המרכז","type":"locality"}},{"type":"Feature","geometry":{"type":"Point","coordinates":[34.94112,31.8706]},"properties":{"id":"geonames-294187","nameEn":"Mishmar Ayyalon","nameHe":"משמר אילון","regionEn":"Central District","regionHe":"מחוז המרכז","type":"locality"}},{"type":"Feature","geometry":{"type":"Point","coordinates":[35.14227,32.61045]},"properties":{"id":"geonames-294185","nameEn":"Mishmar Ha'Emeq","nameHe":"מִשְׁמַר הָעֵמֶק","regionEn":"Northern District","regionHe":"מחוז הצפון","type":"town"}},{"type":"Feature","geometry":{"type":"Point","coordinates":[34.7187,31.36416]},"properties":{"id":"geonames-294184","nameEn":"Mishmar HaNegev","nameHe":"מִשְׁמַר הַנֶּגֶב‎","regionEn":"Southern District","regionHe":"מחוז הדרום","type":"town"}},{"type":"Feature","geometry":{"type":"Point","coordinates":[34.90359,32.35689]},"properties":{"id":"geonames-294183","nameEn":"Mishmar HaSharon","nameHe":"משמר השרון","regionEn":"Central District","regionHe":"מחוז המרכז","type":"locality"}},{"type":"Feature","geometry":{"type":"Point","coordinates":[35.59806,33.00333]},"properties":{"id":"geonames-294179","nameEn":"Mishmar HaYarden","nameHe":"משמר הירדן","regionEn":"Northern District","regionHe":"מחוז הצפון","type":"locality"}},{"type":"Feature","geometry":{"type":"Point","coordinates":[34.90051,31.8228]},"properties":{"id":"geonames-294186","nameEn":"MishmarDavid","nameHe":"משמר דוד","regionEn":"Central District","regionHe":"מחוז המרכז","type":"locality"}},{"type":"Feature","geometry":{"type":"Point","coordinates":[34.98324,32.48718]},"properties":{"id":"geonames-294178","nameEn":"Mishmarot","nameHe":"מִשְׁמָרוֹת","regionEn":"Haifa","regionHe":"מחוז חיפה","type":"town"}},{"type":"Feature","geometry":{"type":"Point","coordinates":[34.91835,32.22818]},"properties":{"id":"geonames-294177","nameEn":"Mishmeret","nameHe":"מִשְׁמֶרֶת","regionEn":"Central District","regionHe":"מחוז המרכז","type":"town"}},{"type":"Feature","geometry":{"type":"Point","coordinates":[35.50926,32.78996]},"properties":{"id":"geonames-294167","nameEn":"Mitspa","nameHe":"מצפה","regionEn":"Northern District","regionHe":"מחוז הצפון","type":"locality"}},{"type":"Feature","geometry":{"type":"Point","coordinates":[35.19921,32.83907]},"properties":{"id":"geonames-8262022","nameEn":"MitspeAviv","nameHe":"מִצְפֵּה אָבִיב","regionEn":"Northern District","regionHe":"מחוז הצפון","type":"town"}},{"type":"Feature","geometry":{"type":"Point","coordinates":[35.38291,32.80287]},"properties":{"id":"geonames-8140106","nameEn":"MitspeNetofa","nameHe":"מִצְפֵּה נְטוֹפָה","regionEn":"Northern District","regionHe":"מחוז הצפון","type":"town"}},{"type":"Feature","geometry":{"type":"Point","coordinates":[34.80111,30.60944]},"properties":{"id":"geonames-294166","nameEn":"Mitzpe Ramon","nameHe":"מצפה רמון","regionEn":"Southern District","regionHe":"מחוז הדרום","type":"town"}},{"type":"Feature","geometry":{"type":"Point","coordinates":[34.40761,31.24174]},"properties":{"id":"geonames-294169","nameEn":"Mivtahim","nameHe":"מבטחים","regionEn":"Southern District","regionHe":"מחוז הדרום","type":"locality"}},{"type":"Feature","geometry":{"type":"Point","coordinates":[35.28563,32.65029]},"properties":{"id":"geonames-294164","nameEn":"Mizra'","nameHe":"מזרע","regionEn":"Northern District","regionHe":"מחוז הצפון","type":"locality"}},{"type":"Feature","geometry":{"type":"Point","coordinates":[35.01504,31.89385]},"properties":{"id":"geonames-282926","nameEn":"Modi'in Makkabbim Re'ut","nameHe":"מוֹדִיעִין-מַכַּבִּים-רֵעוּת","regionEn":"Central District","regionHe":"מחוז המרכז","type":"city"}},{"type":"Feature","geometry":{"type":"Point","coordinates":[35.04416,31.93221]},"properties":{"id":"geonames-8199378","nameEn":"Modiin Ilit","nameHe":"מודיעין עילית","regionEn":"Jerusalem","regionHe":"מחוז ירושלים","type":"city"}},{"type":"Feature","geometry":{"type":"Point","coordinates":[35.44201,32.58613]},"properties":{"id":"geonames-295513","nameEn":"Moledet","nameHe":"מולדת","regionEn":"Northern District","regionHe":"מחוז הצפון","type":"town"}},{"type":"Feature","geometry":{"type":"Point","coordinates":[35.39663,32.91934]},"properties":{"id":"geonames-386295","nameEn":"Moran","nameHe":"מורן","regionEn":"Northern District","regionHe":"מחוז הצפון","type":"locality"}},{"type":"Feature","geometry":{"type":"Point","coordinates":[35.23466,32.82859]},"properties":{"id":"geonames-8262019","nameEn":"Moreshet","nameHe":"מוֹרֶשֶׁת","regionEn":"Northern District","regionHe":"מחוז הצפון","type":"town"}},{"type":"Feature","geometry":{"type":"Point","coordinates":[35.15776,31.79357]},"properties":{"id":"geonames-294147","nameEn":"Motsa`Illit","nameHe":"מוצא עלית","regionEn":"Jerusalem","regionHe":"מחוז ירושלים","type":"town"}},{"type":"Feature","geometry":{"type":"Point","coordinates":[35.29617,32.51424]},"properties":{"id":"geonames-294142","nameEn":"Muqeibila","nameHe":"מֻקֵיבִּלָה","regionEn":"Northern District","regionHe":"מחוז הצפון","type":"town"}},{"type":"Feature","geometry":{"type":"Point","coordinates":[35.15619,32.54358]},"properties":{"id":"geonames-294140","nameEn":"Musmus","nameHe":"מצמץ","regionEn":"Haifa","regionHe":"מחוז חיפה","type":"town"}},{"type":"Feature","geometry":{"type":"Point","coordinates":[35.06553,31.96236]},"properties":{"id":"geonames-8199389","nameEn":"Na'ale","nameHe":"נַעֲלֶה","regionEn":"Israel","regionHe":"ישראל","type":"town"}},{"type":"Feature","geometry":{"type":"Point","coordinates":[34.85832,31.88282]},"properties":{"id":"geonames-294135","nameEn":"Na'an","nameHe":"נַעַן","regionEn":"Central District","regionHe":"מחוז המרכז","type":"town"}},{"type":"Feature","geometry":{"type":"Point","coordinates":[35.39168,32.61403]},"properties":{"id":"geonames-294099","nameEn":"Na'ura","nameHe":"נָעוּרָה","regionEn":"Northern District","regionHe":"מחוז הצפון","type":"town"}},{"type":"Feature","geometry":{"type":"Point","coordinates":[34.49829,31.47311]},"properties":{"id":"geonames-294120","nameEn":"Nahal 'Oz","nameHe":"נחל עוז","regionEn":"Southern District","regionHe":"מחוז הדרום","type":"locality"}},{"type":"Feature","geometry":{"type":"Point","coordinates":[34.79382,31.65883]},"properties":{"id":"geonames-294128","nameEn":"Nahala","nameHe":"גת ב","regionEn":"Southern District","regionHe":"מחוז הדרום","type":"locality"}},{"type":"Feature","geometry":{"type":"Point","coordinates":[35.19648,32.6904]},"properties":{"id":"geonames-294127","nameEn":"Nahalal","nameHe":"נהלל","regionEn":"Northern District","regionHe":"מחוז הצפון","type":"locality"}},{"type":"Feature","geometry":{"type":"Point","coordinates":[35.00371,31.76658]},"properties":{"id":"geonames-294118","nameEn":"Naham","nameHe":"נחם","regionEn":"Jerusalem","regionHe":"מחוז ירושלים","type":"locality"}},{"type":"Feature","geometry":{"type":"Point","coordinates":[35.09814,33.00892]},"properties":{"id":"geonames-294117","nameEn":"Nahariyya","nameHe":"נהריה","regionEn":"Northern District","regionHe":"מחוז הצפון","type":"city"}},{"type":"Feature","geometry":{"type":"Point","coordinates":[35.31679,32.93444]},"properties":{"id":"geonames-294114","nameEn":"Nahf","nameHe":"נחף","regionEn":"Northern District","regionHe":"מחוז הצפון","type":"town"}},{"type":"Feature","geometry":{"type":"Point","coordinates":[35.13994,31.97415]},"properties":{"id":"geonames-8199391","nameEn":"Nahliel","nameHe":"נחליאל","regionEn":"Israel","regionHe":"ישראל","type":"locality"}},{"type":"Feature","geometry":{"type":"Point","coordinates":[34.92022,32.61347]},"properties":{"id":"geonames-294112","nameEn":"Nahsholim","nameHe":"נחשולים","regionEn":"Haifa","regionHe":"מחוז חיפה","type":"locality"}},{"type":"Feature","geometry":{"type":"Point","coordinates":[34.95548,31.83117]},"properties":{"id":"geonames-294111","nameEn":"Nahshon","nameHe":"נחשון","regionEn":"Jerusalem","regionHe":"מחוז ירושלים","type":"locality"}},{"type":"Feature","geometry":{"type":"Point","coordinates":[34.94891,32.06147]},"properties":{"id":"geonames-294109","nameEn":"Nahshonim","nameHe":"נחשוהנים","regionEn":"Central District","regionHe":"מחוז המרכז","type":"locality"}},{"type":"Feature","geometry":{"type":"Point","coordinates":[35.06767,31.83194]},"properties":{"id":"geonames-10254173","nameEn":"Nataf","nameHe":"נטף","regionEn":"Jerusalem","regionHe":"מחוז ירושלים","type":"locality"}},{"type":"Feature","geometry":{"type":"Point","coordinates":[35.29719,32.70087]},"properties":{"id":"geonames-294098","nameEn":"Nazareth","nameHe":"נצרת","regionEn":"Northern District","regionHe":"מחוז הצפון","type":"city"}},{"type":"Feature","geometry":{"type":"Point","coordinates":[35.32469,32.70816]},"properties":{"id":"geonames-294097","nameEn":"Nazerat 'Illit","nameHe":"נוֹף הַגָּלִיל","regionEn":"Northern District","regionHe":"מחוז הצפון","type":"city"}},{"type":"Feature","geometry":{"type":"Point","coordinates":[35.37841,30.93405]},"properties":{"id":"geonames-294087","nameEn":"Ne'ot HaKikar","nameHe":"נאות הככר","regionEn":"Southern District","regionHe":"מחוז הדרום","type":"locality"}},{"type":"Feature","geometry":{"type":"Point","coordinates":[35.59663,33.16034]},"properties":{"id":"geonames-294086","nameEn":"Ne'ot Mordekhay","nameHe":"נאות מרדכי","regionEn":"Northern District","regionHe":"מחוז הצפון","type":"locality"}},{"type":"Feature","geometry":{"type":"Point","coordinates":[34.68324,31.66237]},"properties":{"id":"geonames-294095","nameEn":"Negba","nameHe":"נֶגְבָּה","regionEn":"Southern District","regionHe":"מחוז הדרום","type":"locality"}},{"type":"Feature","geometry":{"type":"Point","coordinates":[34.91069,32.06012]},"properties":{"id":"geonames-294093","nameEn":"Nehalim","nameHe":"נחלים","regionEn":"Central District","regionHe":"מחוז המרכז","type":"town"}},{"type":"Feature","geometry":{"type":"Point","coordinates":[34.70424,31.62276]},"properties":{"id":"geonames-294092","nameEn":"Nehora","nameHe":"נְהוֹרָה","regionEn":"Southern District","regionHe":"מחוז הדרום","type":"town"}},{"type":"Feature","geometry":{"type":"Point","coordinates":[34.9531,31.63064]},"properties":{"id":"geonames-294091","nameEn":"Nehusha","nameHe":"נְחוּשָׁה","regionEn":"Jerusalem","regionHe":"מחוז ירושלים","type":"town"}},{"type":"Feature","geometry":{"type":"Point","coordinates":[35.34885,32.63063]},"properties":{"id":"geonames-294089","nameEn":"Nein","nameHe":"ניין","regionEn":"Northern District","regionHe":"מחוז הצפון","type":"town"}},{"type":"Feature","geometry":{"type":"Point","coordinates":[35.12123,32.96578]},"properties":{"id":"geonames-294080","nameEn":"Nes 'Ammim","nameHe":"נס עמים","regionEn":"Northern District","regionHe":"מחוז הצפון","type":"locality"}},{"type":"Feature","geometry":{"type":"Point","coordinates":[35.0574,31.74547]},"properties":{"id":"geonames-294079","nameEn":"Nes Harim","nameHe":"נֵס הָרִים","regionEn":"Jerusalem","regionHe":"מחוז ירושלים","type":"town"}},{"type":"Feature","geometry":{"type":"Point","coordinates":[35.04425,32.76622]},"properties":{"id":"geonames-294078","nameEn":"Nesher","nameHe":"נשר","regionEn":"Haifa","regionHe":"מחוז חיפה","type":"city"}},{"type":"Feature","geometry":{"type":"Point","coordinates":[34.79868,31.92933]},"properties":{"id":"geonames-294074","nameEn":"Ness Ziona","nameHe":"נס ציונה","regionEn":"Central District","regionHe":"מחוז המרכז","type":"city"}},{"type":"Feature","geometry":{"type":"Point","coordinates":[34.85992,32.33291]},"properties":{"id":"geonames-294071","nameEn":"Netanya","nameHe":"נתניה","regionEn":"Central District","regionHe":"מחוז המרכז","type":"city"}},{"type":"Feature","geometry":{"type":"Point","coordinates":[34.53955,31.57201]},"properties":{"id":"geonames-8071775","nameEn":"Netiv Ha'Asara","nameHe":"נתיב העשרה","regionEn":"Southern District","regionHe":"מחוז הדרום","type":"locality"}},{"type":"Feature","geometry":{"type":"Point","coordinates":[34.98272,31.68755]},"properties":{"id":"geonames-294070","nameEn":"Netiv HaLamed He","nameHe":"נתיב הל’’ה","regionEn":"Jerusalem","regionHe":"מחוז ירושלים","type":"locality"}},{"type":"Feature","geometry":{"type":"Point","coordinates":[35.13538,32.99342]},"properties":{"id":"geonames-294069","nameEn":"Netiv HaShayyara","nameHe":"נתיב השירה","regionEn":"Northern District","regionHe":"מחוז הצפון","type":"locality"}},{"type":"Feature","geometry":{"type":"Point","coordinates":[34.58911,31.42305]},"properties":{"id":"geonames-294068","nameEn":"Netivot","nameHe":"נתיבות","regionEn":"Southern District","regionHe":"מחוז הדרום","type":"city"}},{"type":"Feature","geometry":{"type":"Point","coordinates":[35.3234,33.06464]},"properties":{"id":"geonames-8134542","nameEn":"Netu'a","nameHe":"נטועה","regionEn":"Northern District","regionHe":"מחוז הצפון","type":"locality"}},{"type":"Feature","geometry":{"type":"Point","coordinates":[34.88098,31.22417]},"properties":{"id":"geonames-294063","nameEn":"Nevatim","nameHe":"נבטים","regionEn":"Southern District","regionHe":"מחוז הדרום","type":"locality"}},{"type":"Feature","geometry":{"type":"Point","coordinates":[35.74194,33.26228]},"properties":{"id":"geonames-443107","nameEn":"Neve Ativ","nameHe":"נוה אטיב","regionEn":"Northern District","regionHe":"מחוז הצפון","type":"locality"}},{"type":"Feature","geometry":{"type":"Point","coordinates":[35.08029,31.80858]},"properties":{"id":"geonames-294053","nameEn":"Neve Ilan","nameHe":"נְוֵה אִילָן","regionEn":"Jerusalem","regionHe":"מחוז ירושלים","type":"locality"}},{"type":"Feature","geometry":{"type":"Point","coordinates":[34.73961,31.80591]},"properties":{"id":"geonames-294052","nameEn":"Neve Mivtah","nameHe":"נוה מבטח","regionEn":"Southern District","regionHe":"מחוז הדרום","type":"locality"}},{"type":"Feature","geometry":{"type":"Point","coordinates":[35.18448,33.02677]},"properties":{"id":"geonames-9194273","nameEn":"Nevve Ziv","nameHe":"נְוֵה זִיו","regionEn":"Northern District","regionHe":"מחוז הצפון","type":"locality"}},{"type":"Feature","geometry":{"type":"Point","coordinates":[35.53271,32.49197]},"properties":{"id":"geonames-294056","nameEn":"NevveEtan","nameHe":"נוה איתן","regionEn":"Northern District","regionHe":"מחוז הצפון","type":"locality"}},{"type":"Feature","geometry":{"type":"Point","coordinates":[35.03733,30.03769]},"properties":{"id":"geonames-385078","nameEn":"NevveHarif","nameHe":"נוה חריף","regionEn":"Southern District","regionHe":"מחוז הדרום","type":"locality"}},{"type":"Feature","geometry":{"type":"Point","coordinates":[35.00876,31.67298]},"properties":{"id":"geonames-294051","nameEn":"NevveMikha'el","nameHe":"נוה מיכאל","regionEn":"Jerusalem","regionHe":"מחוז ירושלים","type":"locality"}},{"type":"Feature","geometry":{"type":"Point","coordinates":[35.55357,32.5888]},"properties":{"id":"geonames-294048","nameEn":"NevveUr","nameHe":"נוה אור","regionEn":"Northern District","regionHe":"מחוז הצפון","type":"locality"}},{"type":"Feature","geometry":{"type":"Point","coordinates":[34.93294,32.68121]},"properties":{"id":"geonames-294045","nameEn":"NevveYam","nameHe":"נוה ים","regionEn":"Haifa","regionHe":"מחוז חיפה","type":"locality"}},{"type":"Feature","geometry":{"type":"Point","coordinates":[34.9393,32.17217]},"properties":{"id":"geonames-294044","nameEn":"NevveYamin","nameHe":"נוה ימין","regionEn":"Central District","regionHe":"מחוז המרכז","type":"town"}},{"type":"Feature","geometry":{"type":"Point","coordinates":[34.92447,32.13247]},"properties":{"id":"geonames-294043","nameEn":"NevveYaraq","nameHe":"נְוֵה יָרָק","regionEn":"Central District","regionHe":"מחוז המרכז","type":"town"}},{"type":"Feature","geometry":{"type":"Point","coordinates":[35.36534,31.15264]},"properties":{"id":"geonames-294041","nameEn":"NevveZohar","nameHe":"נוה זהר","regionEn":"Southern District","regionHe":"מחוז הדרום","type":"locality"}},{"type":"Feature","geometry":{"type":"Point","coordinates":[35.04853,31.96396]},"properties":{"id":"geonames-8199388","nameEn":"Nili","nameHe":"נִילִי","regionEn":"Israel","regionHe":"ישראל","type":"town"}},{"type":"Feature","geometry":{"type":"Point","coordinates":[34.64634,31.46994]},"properties":{"id":"geonames-294034","nameEn":"Nir 'Aqiva","nameHe":"ניר עקיבה","regionEn":"Southern District","regionHe":"מחוז הדרום","type":"locality"}},{"type":"Feature","geometry":{"type":"Point","coordinates":[34.4021,31.31017]},"properties":{"id":"geonames-294025","nameEn":"Nir 'Oz","nameHe":"ניר עוז","regionEn":"Southern District","regionHe":"מחוז הדרום","type":"locality"}},{"type":"Feature","geometry":{"type":"Point","coordinates":[34.75482,31.67178]},"properties":{"id":"geonames-294033","nameEn":"Nir Banim","nameHe":"בני המושבים","regionEn":"Southern District","regionHe":"מחוז הדרום","type":"locality"}},{"type":"Feature","geometry":{"type":"Point","coordinates":[34.94921,32.19672]},"properties":{"id":"geonames-294031","nameEn":"Nir Eliyyahu","nameHe":"ניר אליהו","regionEn":"Central District","regionHe":"מחוז המרכז","type":"locality"}},{"type":"Feature","geometry":{"type":"Point","coordinates":[34.68282,31.82542]},"properties":{"id":"geonames-294029","nameEn":"Nir Gallim","nameHe":"נִיר גַּלִּים","regionEn":"Southern District","regionHe":"מחוז הדרום","type":"town"}},{"type":"Feature","geometry":{"type":"Point","coordinates":[34.71462,31.60901]},"properties":{"id":"geonames-294028","nameEn":"Nir Hen","nameHe":"ניר 58","regionEn":"Southern District","regionHe":"מחוז הדרום","type":"locality"}},{"type":"Feature","geometry":{"type":"Point","coordinates":[34.63204,31.47812]},"properties":{"id":"geonames-294026","nameEn":"Nir Moshe","nameHe":"ניר משה","regionEn":"Southern District","regionHe":"מחוז הדרום","type":"locality"}},{"type":"Feature","geometry":{"type":"Point","coordinates":[35.245,32.56905]},"properties":{"id":"geonames-294024","nameEn":"Nir Yafe","nameHe":"ניר יפה","regionEn":"Northern District","regionHe":"מחוז הצפון","type":"locality"}},{"type":"Feature","geometry":{"type":"Point","coordinates":[34.6378,31.6881]},"properties":{"id":"geonames-294023","nameEn":"Nir Yisra'el","nameHe":"ניר ישראל","regionEn":"Southern District","regionHe":"מחוז הדרום","type":"locality"}},{"type":"Feature","geometry":{"type":"Point","coordinates":[34.58006,31.51959]},"properties":{"id":"geonames-294035","nameEn":"Nir'am","nameHe":"ניר עם","regionEn":"Southern District","regionHe":"מחוז הדרום","type":"locality"}},{"type":"Feature","geometry":{"type":"Point","coordinates":[34.99448,32.69861]},"properties":{"id":"geonames-294030","nameEn":"Nir`Etsyon","nameHe":"נִיר עֶצִיוֹן","regionEn":"Haifa","regionHe":"מחוז חיפה","type":"locality"}},{"type":"Feature","geometry":{"type":"Point","coordinates":[35.45708,32.50406]},"properties":{"id":"geonames-294032","nameEn":"NirDavid","nameHe":"ניר דוד","regionEn":"Northern District","regionHe":"מחוז הצפון","type":"locality"}},{"type":"Feature","geometry":{"type":"Point","coordinates":[34.39507,31.33559]},"properties":{"id":"geonames-294027","nameEn":"Nirim","nameHe":"נירים","regionEn":"Southern District","regionHe":"מחוז הדרום","type":"locality"}},{"type":"Feature","geometry":{"type":"Point","coordinates":[34.98622,32.14677]},"properties":{"id":"geonames-8199421","nameEn":"Nirit","nameHe":"נירית","regionEn":"Central District","regionHe":"מחוז המרכז","type":"locality"}},{"type":"Feature","geometry":{"type":"Point","coordinates":[34.86408,31.95291]},"properties":{"id":"geonames-294021","nameEn":"NirTsevi","nameHe":"ניר צבי","regionEn":"Central District","regionHe":"מחוז המרכז","type":"town"}},{"type":"Feature","geometry":{"type":"Point","coordinates":[34.35743,31.23739]},"properties":{"id":"geonames-294022","nameEn":"NirYitshaq","nameHe":"ניר יצחק","regionEn":"Southern District","regionHe":"מחוז הדרום","type":"locality"}},{"type":"Feature","geometry":{"type":"Point","coordinates":[34.62985,31.73854]},"properties":{"id":"geonames-294539","nameEn":"Nizzan","nameHe":"דחן","regionEn":"Southern District","regionHe":"מחוז הדרום","type":"town"}},{"type":"Feature","geometry":{"type":"Point","coordinates":[35.00374,32.306]},"properties":{"id":"geonames-294012","nameEn":"Nizzane 'Oz","nameHe":"נִצָּנֵי עֹז","regionEn":"Central District","regionHe":"מחוז המרכז","type":"town"}},{"type":"Feature","geometry":{"type":"Point","coordinates":[34.6347,31.71682]},"properties":{"id":"geonames-294011","nameEn":"Nizzanim","nameHe":"נצנים","regionEn":"Southern District","regionHe":"מחוז הדרום","type":"locality"}},{"type":"Feature","geometry":{"type":"Point","coordinates":[34.78892,31.56771]},"properties":{"id":"geonames-294009","nameEn":"No'am","nameHe":"נעם","regionEn":"Southern District","regionHe":"מחוז הדרום","type":"locality"}},{"type":"Feature","geometry":{"type":"Point","coordinates":[34.99081,31.87111]},"properties":{"id":"geonames-8199379","nameEn":"Nof Ayalon","nameHe":"נוף איילון","regionEn":"Central District","regionHe":"מחוז המרכז","type":"town"}},{"type":"Feature","geometry":{"type":"Point","coordinates":[34.92066,32.04372]},"properties":{"id":"geonames-294007","nameEn":"Nofekh","nameHe":"נופך","regionEn":"Central District","regionHe":"מחוז המרכז","type":"locality"}},{"type":"Feature","geometry":{"type":"Point","coordinates":[35.1477,32.76226]},"properties":{"id":"geonames-8265522","nameEn":"Nofit","nameHe":"נוֹפִית","regionEn":"Haifa","regionHe":"מחוז חיפה","type":"town"}},{"type":"Feature","geometry":{"type":"Point","coordinates":[34.6949,31.62485]},"properties":{"id":"geonames-294005","nameEn":"Nogah","nameHe":"נגה","regionEn":"Southern District","regionHe":"מחוז הדרום","type":"locality"}},{"type":"Feature","geometry":{"type":"Point","coordinates":[34.89617,32.3147]},"properties":{"id":"geonames-294003","nameEn":"Nordiyya","nameHe":"נוֹרְדִיָּה","regionEn":"Central District","regionHe":"מחוז המרכז","type":"town"}},{"type":"Feature","geometry":{"type":"Point","coordinates":[35.7836,32.83283]},"properties":{"id":"geonames-443088","nameEn":"Nov","nameHe":"נוֹב","regionEn":"Northern District","regionHe":"מחוז הצפון","type":"locality"}},{"type":"Feature","geometry":{"type":"Point","coordinates":[35.74859,33.19423]},"properties":{"id":"geonames-443104","nameEn":"Odem","nameHe":"אודם","regionEn":"Northern District","regionHe":"מחוז הצפון","type":"locality"}},{"type":"Feature","geometry":{"type":"Point","coordinates":[34.62025,31.3141]},"properties":{"id":"geonames-293992","nameEn":"Ofaqim","nameHe":"אופקים","regionEn":"Southern District","regionHe":"מחוז הדרום","type":"city"}},{"type":"Feature","geometry":{"type":"Point","coordinates":[34.42937,31.23597]},"properties":{"id":"geonames-8068369","nameEn":"Ohad","nameHe":"אוהד","regionEn":"Southern District","regionHe":"מחוז הדרום","type":"locality"}},{"type":"Feature","geometry":{"type":"Point","coordinates":[34.92087,32.5064]},"properties":{"id":"geonames-293969","nameEn":"Or Akiva","nameHe":"אור עקיבא","regionEn":"Haifa","regionHe":"מחוז חיפה","type":"town"}},{"type":"Feature","geometry":{"type":"Point","coordinates":[35.44691,33.00514]},"properties":{"id":"geonames-8134533","nameEn":"Or HaGanuz","nameHe":"אור הגנוז","regionEn":"Northern District","regionHe":"מחוז הצפון","type":"locality"}},{"type":"Feature","geometry":{"type":"Point","coordinates":[34.60202,31.55701]},"properties":{"id":"geonames-293965","nameEn":"Or HaNer","nameHe":"אור הנר","regionEn":"Southern District","regionHe":"מחוז הדרום","type":"locality"}},{"type":"Feature","geometry":{"type":"Point","coordinates":[34.85788,32.02923]},"properties":{"id":"geonames-293962","nameEn":"Or Yehuda","nameHe":"אור יהודה","regionEn":"Tel Aviv","regionHe":"מחוז תל אביב","type":"city"}},{"type":"Feature","geometry":{"type":"Point","coordinates":[35.15613,31.75519]},"properties":{"id":"geonames-293976","nameEn":"Ora","nameHe":"אורה","regionEn":"Jerusalem","regionHe":"מחוז ירושלים","type":"town"}},{"type":"Feature","geometry":{"type":"Point","coordinates":[34.73517,31.74103]},"properties":{"id":"geonames-293963","nameEn":"Orot","nameHe":"אורות","regionEn":"Southern District","regionHe":"מחוז הדרום","type":"locality"}},{"type":"Feature","geometry":{"type":"Point","coordinates":[35.75909,33.08854]},"properties":{"id":"geonames-443098","nameEn":"Ortal","nameHe":"אורטל","regionEn":"Northern District","regionHe":"מחוז הצפון","type":"locality"}},{"type":"Feature","geometry":{"type":"Point","coordinates":[34.70395,31.63685]},"properties":{"id":"geonames-293957","nameEn":"Otsem","nameHe":"עצם","regionEn":"Southern District","regionHe":"מחוז הדרום","type":"locality"}},{"type":"Feature","geometry":{"type":"Point","coordinates":[34.69478,31.43928]},"properties":{"id":"geonames-293956","nameEn":"Pa'ame Tashaz","nameHe":"פעמי תש’’ז","regionEn":"Southern District","regionHe":"מחוז הדרום","type":"locality"}},{"type":"Feature","geometry":{"type":"Point","coordinates":[34.97781,32.47408]},"properties":{"id":"geonames-293943","nameEn":"Pardes Hanna Karkur","nameHe":"פַּרְדֵּס חַנָּה-כַּרְכּוּר","regionEn":"Haifa","regionHe":"מחוז חיפה","type":"city"}},{"type":"Feature","geometry":{"type":"Point","coordinates":[34.90911,32.30577]},"properties":{"id":"geonames-293942","nameEn":"Pardesiyya","nameHe":"פרדסיה","regionEn":"Central District","regionHe":"מחוז המרכז","type":"town"}},{"type":"Feature","geometry":{"type":"Point","coordinates":[35.43379,32.93269]},"properties":{"id":"geonames-293940","nameEn":"Parod","nameHe":"פרוד","regionEn":"Northern District","regionHe":"מחוז הצפון","type":"locality"}},{"type":"Feature","geometry":{"type":"Point","coordinates":[34.55906,31.32794]},"properties":{"id":"geonames-293936","nameEn":"Pattish","nameHe":"פטיש","regionEn":"Southern District","regionHe":"מחוז הדרום","type":"locality"}},{"type":"Feature","geometry":{"type":"Point","coordinates":[34.61189,31.32714]},"properties":{"id":"geonames-293933","nameEn":"Peduyim","nameHe":"פדויים","regionEn":"Southern District","regionHe":"מחוז הדרום","type":"locality"}},{"type":"Feature","geometry":{"type":"Point","coordinates":[35.23365,32.93381]},"properties":{"id":"geonames-8310806","nameEn":"Pelekh","nameHe":"פלך","regionEn":"Northern District","regionHe":"מחוז הצפון","type":"locality"}},{"type":"Feature","geometry":{"type":"Point","coordinates":[34.35572,31.2214]},"properties":{"id":"geonames-8068372","nameEn":"Peri Gan","nameHe":"פרי גן","regionEn":"Southern District","regionHe":"מחוז הדרום","type":"locality"}},{"type":"Feature","geometry":{"type":"Point","coordinates":[34.88747,32.08707]},"properties":{"id":"geonames-293918","nameEn":"Petah Tiqva","nameHe":"פתח תיקוה","regionEn":"Central District","regionHe":"מחוז המרכז","type":"city"}},{"type":"Feature","geometry":{"type":"Point","coordinates":[35.54635,32.7319]},"properties":{"id":"geonames-293905","nameEn":"Poria Illit","nameHe":"פּוֹרִיָּה עִלִּית","regionEn":"Northern District","regionHe":"מחוז הצפון","type":"town"}},{"type":"Feature","geometry":{"type":"Point","coordinates":[35.53816,32.74311]},"properties":{"id":"geonames-293906","nameEn":"Poriyya","nameHe":"נוה עובד","regionEn":"Northern District","regionHe":"מחוז הצפון","type":"town"}},{"type":"Feature","geometry":{"type":"Point","coordinates":[35.46773,33.00511]},"properties":{"id":"geonames-9196975","nameEn":"Qaddita","nameHe":"כדיתה","regionEn":"Northern District","regionHe":"מחוז הצפון","type":"locality"}},{"type":"Feature","geometry":{"type":"Point","coordinates":[34.98106,32.28493]},"properties":{"id":"geonames-293896","nameEn":"Qalansuwa","nameHe":"קלנסוה","regionEn":"Central District","regionHe":"מחוז המרכז","type":"town"}},{"type":"Feature","geometry":{"type":"Point","coordinates":[34.79714,31.81405]},"properties":{"id":"geonames-293852","nameEn":"Qidron","nameHe":"קִדְרוֹן","regionEn":"Central District","regionHe":"מחוז המרכז","type":"town"}},{"type":"Feature","geometry":{"type":"Point","coordinates":[35.12035,31.81082]},"properties":{"id":"geonames-293847","nameEn":"Qiryat 'Anavim","nameHe":"קרית ענבים","regionEn":"Jerusalem","regionHe":"מחוז ירושלים","type":"locality"}},{"type":"Feature","geometry":{"type":"Point","coordinates":[34.82275,31.86119]},"properties":{"id":"geonames-294552","nameEn":"Qiryat 'Eqron","nameHe":"קִרְיַת עֶקְרוֹן","regionEn":"Central District","regionHe":"מחוז המרכז","type":"town"}},{"type":"Feature","geometry":{"type":"Point","coordinates":[35.11323,32.81149]},"properties":{"id":"geonames-293845","nameEn":"Qiryat Ata","nameHe":"קריית אתא","regionEn":"Haifa","regionHe":"מחוז חיפה","type":"city"}},{"type":"Feature","geometry":{"type":"Point","coordinates":[35.08583,32.8275]},"properties":{"id":"geonames-293844","nameEn":"Qiryat Bialik","nameHe":"קריית ביאליק","regionEn":"Haifa","regionHe":"מחוז חיפה","type":"city"}},{"type":"Feature","geometry":{"type":"Point","coordinates":[35.16667,31.76667]},"properties":{"id":"geonames-293837","nameEn":"Qiryat HaYovel","nameHe":"קריית היובל","regionEn":"Jerusalem","regionHe":"מחוז ירושלים","type":"city"}},{"type":"Feature","geometry":{"type":"Point","coordinates":[34.74632,31.72888]},"properties":{"id":"geonames-293835","nameEn":"Qiryat Mal'akhi","nameHe":"קִרְיַת מַלְאָכִי","regionEn":"Southern District","regionHe":"מחוז הדרום","type":"city"}},{"type":"Feature","geometry":{"type":"Point","coordinates":[35.12494,32.71618]},"properties":{"id":"geonames-293823","nameEn":"Qiryat Tiv'on","nameHe":"קִרְיַת טִבְעוֹן","regionEn":"Haifa","regionHe":"מחוז חיפה","type":"town"}},{"type":"Feature","geometry":{"type":"Point","coordinates":[35.06973,32.84966]},"properties":{"id":"geonames-293822","nameEn":"Qiryat Yam","nameHe":"קריית ים","regionEn":"Haifa","regionHe":"מחוז חיפה","type":"city"}},{"type":"Feature","geometry":{"type":"Point","coordinates":[35.102,31.803]},"properties":{"id":"geonames-293821","nameEn":"Qiryat Ye'arim","nameHe":"כפר הנוער קרית יערים","regionEn":"Jerusalem","regionHe":"מחוז ירושלים","type":"town"}},{"type":"Feature","geometry":{"type":"Point","coordinates":[35.0776,32.83706]},"properties":{"id":"geonames-293831","nameEn":"QiryatMotsqin","nameHe":"קריית מוצקין","regionEn":"Haifa","regionHe":"מחוז חיפה","type":"city"}},{"type":"Feature","geometry":{"type":"Point","coordinates":[35.57212,33.20733]},"properties":{"id":"geonames-293825","nameEn":"QiryatShmona","nameHe":"קריית שמונה","regionEn":"Northern District","regionHe":"מחוז הצפון","type":"city"}},{"type":"Feature","geometry":{"type":"Point","coordinates":[35.25179,32.84388]},"properties":{"id":"geonames-386233","nameEn":"Qoranit","nameHe":"קורנית","regionEn":"Northern District","regionHe":"מחוז הצפון","type":"locality"}},{"type":"Feature","geometry":{"type":"Point","coordinates":[34.7208,31.81555]},"properties":{"id":"geonames-293857","nameEn":"QvutsatYavne","nameHe":"קְבוּצַת יַבְנֶה","regionEn":"Central District","regionHe":"מחוז המרכז","type":"locality"}},{"type":"Feature","geometry":{"type":"Point","coordinates":[34.87386,32.1836]},"properties":{"id":"geonames-293807","nameEn":"Ra'anana","nameHe":"רעננה","regionEn":"Central District","regionHe":"מחוז המרכז","type":"city"}},{"type":"Feature","geometry":{"type":"Point","coordinates":[34.75699,31.39547]},"properties":{"id":"geonames-8184212","nameEn":"Rahat","nameHe":"רהט","regionEn":"Southern District","regionHe":"מחוז הדרום","type":"town"}},{"type":"Feature","geometry":{"type":"Point","coordinates":[35.25774,32.52787]},"properties":{"id":"geonames-293766","nameEn":"Ram On","nameHe":"רָם אוֹן","regionEn":"Northern District","regionHe":"מחוז הצפון","type":"locality"}},{"type":"Feature","geometry":{"type":"Point","coordinates":[35.3675,32.93844]},"properties":{"id":"geonames-293793","nameEn":"Rama","nameHe":"רָמָה","regionEn":"Northern District","regionHe":"מחוז הצפון","type":"town"}},{"type":"Feature","geometry":{"type":"Point","coordinates":[34.81065,32.08227]},"properties":{"id":"geonames-293788","nameEn":"Ramat Gan","nameHe":"רמת גן","regionEn":"Tel Aviv","regionHe":"מחוז תל אביב","type":"city"}},{"type":"Feature","geometry":{"type":"Point","coordinates":[34.93815,32.21768]},"properties":{"id":"geonames-293785","nameEn":"Ramat HaKovesh","nameHe":"רָמַת הַכּוֹבֵשׁ","regionEn":"Central District","regionHe":"מחוז המרכז","type":"town"}},{"type":"Feature","geometry":{"type":"Point","coordinates":[35.69119,33.13272]},"properties":{"id":"geonames-13496877","nameEn":"Ramat HaNasi Trump","nameHe":"רמת הנשיא טראמפ","regionEn":"Northern District","regionHe":"מחוז הצפון","type":"locality"}},{"type":"Feature","geometry":{"type":"Point","coordinates":[34.8394,32.14613]},"properties":{"id":"geonames-293783","nameEn":"Ramat HaSharon","nameHe":"רמת השרון","regionEn":"Tel Aviv","regionHe":"מחוז תל אביב","type":"city"}},{"type":"Feature","geometry":{"type":"Point","coordinates":[35.09472,32.61102]},"properties":{"id":"geonames-293781","nameEn":"Ramat HaShofet","nameHe":"רָמַת הַשּׁוֹפֵט","regionEn":"Northern District","regionHe":"מחוז הצפון","type":"town"}},{"type":"Feature","geometry":{"type":"Point","coordinates":[35.80822,32.84473]},"properties":{"id":"geonames-443091","nameEn":"Ramat Magshimim","nameHe":"רמת מגשימים","regionEn":"Northern District","regionHe":"מחוז הצפון","type":"locality"}},{"type":"Feature","geometry":{"type":"Point","coordinates":[35.1707,32.70444]},"properties":{"id":"geonames-293773","nameEn":"Ramat Yishay","nameHe":"רמת ישי","regionEn":"Northern District","regionHe":"מחוז הצפון","type":"town"}},{"type":"Feature","geometry":{"type":"Point","coordinates":[35.12226,32.79308]},"properties":{"id":"geonames-293774","nameEn":"Ramat Yohanan","nameHe":"רָמַת יוֹחָנָן","regionEn":"Haifa","regionHe":"מחוז חיפה","type":"town"}},{"type":"Feature","geometry":{"type":"Point","coordinates":[35.20325,32.67845]},"properties":{"id":"geonames-293791","nameEn":"RamatDavid","nameHe":"רמת דוד","regionEn":"Northern District","regionHe":"מחוז הצפון","type":"locality"}},{"type":"Feature","geometry":{"type":"Point","coordinates":[35.41533,32.59078]},"properties":{"id":"geonames-293772","nameEn":"RamatTsvi","nameHe":"רמת צבי","regionEn":"Northern District","regionHe":"מחוז הצפון","type":"locality"}},{"type":"Feature","geometry":{"type":"Point","coordinates":[34.8635,31.92624]},"properties":{"id":"geonames-293768","nameEn":"Ramla","nameHe":"רמלה","regionEn":"Central District","regionHe":"מחוז המרכז","type":"city"}},{"type":"Feature","geometry":{"type":"Point","coordinates":[35.66668,32.85084]},"properties":{"id":"geonames-443084","nameEn":"Ramot","nameHe":"רמות","regionEn":"Northern District","regionHe":"מחוז הצפון","type":"locality"}},{"type":"Feature","geometry":{"type":"Point","coordinates":[35.05656,32.59784]},"properties":{"id":"geonames-293755","nameEn":"Ramot Menashe","nameHe":"רָמוֹת מְנַשֶּׁה","regionEn":"Northern District","regionHe":"מחוז הצפון","type":"town"}},{"type":"Feature","geometry":{"type":"Point","coordinates":[34.60069,31.33773]},"properties":{"id":"geonames-293751","nameEn":"Rannen","nameHe":"רנן","regionEn":"Southern District","regionHe":"מחוז הדרום","type":"locality"}},{"type":"Feature","geometry":{"type":"Point","coordinates":[35.26142,32.85744]},"properties":{"id":"geonames-386234","nameEn":"Raqqefet","nameHe":"רַקֶּפֶת","regionEn":"Northern District","regionHe":"מחוז הצפון","type":"town"}},{"type":"Feature","geometry":{"type":"Point","coordinates":[35.15521,32.77274]},"properties":{"id":"geonames-8265835","nameEn":"Ras 'Ali","nameHe":"רס עלי","regionEn":"Northern District","regionHe":"מחוז הצפון","type":"locality"}},{"type":"Feature","geometry":{"type":"Point","coordinates":[35.37284,32.91582]},"properties":{"id":"geonames-9616698","nameEn":"Ras el 'Ein","nameHe":"רס אל עין","regionEn":"Northern District","regionHe":"מחוז הצפון","type":"locality"}},{"type":"Feature","geometry":{"type":"Point","coordinates":[35.46389,32.85208]},"properties":{"id":"geonames-8309913","nameEn":"Ravid","nameHe":"רביד","regionEn":"Northern District","regionHe":"מחוז הצפון","type":"locality"}},{"type":"Feature","geometry":{"type":"Point","coordinates":[34.45943,31.3853]},"properties":{"id":"geonames-293723","nameEn":"Re'im","nameHe":"רעים","regionEn":"Southern District","regionHe":"מחוז הדרום","type":"locality"}},{"type":"Feature","geometry":{"type":"Point","coordinates":[35.03412,32.52391]},"properties":{"id":"geonames-293730","nameEn":"Regavim","nameHe":"רגבים","regionEn":"Haifa","regionHe":"מחוז חיפה","type":"locality"}},{"type":"Feature","geometry":{"type":"Point","coordinates":[35.09864,32.97721]},"properties":{"id":"geonames-293729","nameEn":"Regba","nameHe":"רֶגְבָּה","regionEn":"Northern District","regionHe":"מחוז הצפון","type":"town"}},{"type":"Feature","geometry":{"type":"Point","coordinates":[35.49169,32.45047]},"properties":{"id":"geonames-293727","nameEn":"Rehov","nameHe":"רחוב","regionEn":"Northern District","regionHe":"מחוז הצפון","type":"locality"}},{"type":"Feature","geometry":{"type":"Point","coordinates":[34.81199,31.89421]},"properties":{"id":"geonames-293725","nameEn":"Rehovot","nameHe":"רחובות","regionEn":"Central District","regionHe":"מחוז המרכז","type":"city"}},{"type":"Feature","geometry":{"type":"Point","coordinates":[35.09901,32.74907]},"properties":{"id":"geonames-293721","nameEn":"Rekhasim","nameHe":"רכסים","regionEn":"Haifa","regionHe":"מחוז חיפה","type":"town"}},{"type":"Feature","geometry":{"type":"Point","coordinates":[35.4762,32.48126]},"properties":{"id":"geonames-293718","nameEn":"Reshafim","nameHe":"רְשָׁפִים","regionEn":"Northern District","regionHe":"מחוז הצפון","type":"town"}},{"type":"Feature","geometry":{"type":"Point","coordinates":[34.68969,31.05464]},"properties":{"id":"geonames-8367614","nameEn":"Retamim","nameHe":"רתמים","regionEn":"Southern District","regionHe":"מחוז הדרום","type":"locality"}},{"type":"Feature","geometry":{"type":"Point","coordinates":[34.81661,31.77342]},"properties":{"id":"geonames-293712","nameEn":"Revadim","nameHe":"רבדים","regionEn":"Southern District","regionHe":"מחוז הדרום","type":"locality"}},{"type":"Feature","geometry":{"type":"Point","coordinates":[34.73333,31.65]},"properties":{"id":"geonames-293709","nameEn":"Revaha","nameHe":"רווחה","regionEn":"Southern District","regionHe":"מחוז הדרום","type":"locality"}},{"type":"Feature","geometry":{"type":"Point","coordinates":[35.12896,32.11926]},"properties":{"id":"geonames-8199422","nameEn":"Revava","nameHe":"רְבָבָה","regionEn":"Israel","regionHe":"ישראל","type":"town"}},{"type":"Feature","geometry":{"type":"Point","coordinates":[35.47333,32.44885]},"properties":{"id":"geonames-293708","nameEn":"Revaya","nameHe":"רויה","regionEn":"Northern District","regionHe":"מחוז הצפון","type":"locality"}},{"type":"Feature","geometry":{"type":"Point","coordinates":[34.72183,31.04395]},"properties":{"id":"geonames-293711","nameEn":"Revivim","nameHe":"רְבִיבִים","regionEn":"Southern District","regionHe":"מחוז הדרום","type":"town"}},{"type":"Feature","geometry":{"type":"Point","coordinates":[35.48815,33.04904]},"properties":{"id":"geonames-293706","nameEn":"Rihaniya","nameHe":"רִיחָנִיָּה","regionEn":"Northern District","regionHe":"מחוז הצפון","type":"town"}},{"type":"Feature","geometry":{"type":"Point","coordinates":[34.9276,32.04428]},"properties":{"id":"geonames-293704","nameEn":"Rinnatya","nameHe":"רִנַּתְיָה","regionEn":"Central District","regionHe":"מחוז המרכז","type":"town"}},{"type":"Feature","geometry":{"type":"Point","coordinates":[34.78939,31.97102]},"properties":{"id":"geonames-293703","nameEn":"Rishon LeTsiyyon","nameHe":"ראשון לציון","regionEn":"Central District","regionHe":"מחוז המרכז","type":"city"}},{"type":"Feature","geometry":{"type":"Point","coordinates":[34.82322,32.20254]},"properties":{"id":"geonames-293701","nameEn":"Rishpon","nameHe":"רִשְׁפּוֹן","regionEn":"Central District","regionHe":"מחוז המרכז","type":"town"}},{"type":"Feature","geometry":{"type":"Point","coordinates":[34.95664,32.09556]},"properties":{"id":"geonames-293690","nameEn":"Rosh Ha'Ayin","nameHe":"ראש העין","regionEn":"Central District","regionHe":"מחוז המרכז","type":"city"}},{"type":"Feature","geometry":{"type":"Point","coordinates":[35.54258,32.96894]},"properties":{"id":"geonames-293688","nameEn":"Rosh Pinna","nameHe":"ראש פינה","regionEn":"Northern District","regionHe":"מחוז הצפון","type":"town"}},{"type":"Feature","geometry":{"type":"Point","coordinates":[34.70611,31.49743]},"properties":{"id":"geonames-293682","nameEn":"Ruhama","nameHe":"רחמה","regionEn":"Southern District","regionHe":"מחוז הדרום","type":"locality"}},{"type":"Feature","geometry":{"type":"Point","coordinates":[35.30571,32.77802]},"properties":{"id":"geonames-386194","nameEn":"Rumat Heib","nameHe":"רומת אל-הייב","regionEn":"Northern District","regionHe":"מחוז הצפון","type":"town"}},{"type":"Feature","geometry":{"type":"Point","coordinates":[35.31091,32.78783]},"properties":{"id":"geonames-293679","nameEn":"Rummana","nameHe":"רֻמָּנָה","regionEn":"Northern District","regionHe":"מחוז הצפון","type":"town"}},{"type":"Feature","geometry":{"type":"Point","coordinates":[34.53465,31.47142]},"properties":{"id":"geonames-293672","nameEn":"Sa'ad","nameHe":"סעד","regionEn":"Southern District","regionHe":"מחוז הדרום","type":"locality"}},{"type":"Feature","geometry":{"type":"Point","coordinates":[35.10882,33.02968]},"properties":{"id":"geonames-293669","nameEn":"Sa'ar","nameHe":"סער","regionEn":"Northern District","regionHe":"מחוז הצפון","type":"locality"}},{"type":"Feature","geometry":{"type":"Point","coordinates":[35.496,32.96465]},"properties":{"id":"geonames-293100","nameEn":"Safed","nameHe":"צפת","regionEn":"Northern District","regionHe":"מחוז הצפון","type":"city"}},{"type":"Feature","geometry":{"type":"Point","coordinates":[35.34136,32.94266]},"properties":{"id":"geonames-293657","nameEn":"Sajur","nameHe":"סָג'וּר","regionEn":"Northern District","regionHe":"מחוז הצפון","type":"town"}},{"type":"Feature","geometry":{"type":"Point","coordinates":[35.29707,32.86422]},"properties":{"id":"geonames-293655","nameEn":"Sakhnin","nameHe":"סִכְנִין","regionEn":"Northern District","regionHe":"מחוז הצפון","type":"city"}},{"type":"Feature","geometry":{"type":"Point","coordinates":[35.36931,32.89443]},"properties":{"id":"geonames-386253","nameEn":"Sallama","nameHe":"סלמה","regionEn":"Northern District","regionHe":"מחוז הצפון","type":"town"}},{"type":"Feature","geometry":{"type":"Point","coordinates":[35.02274,29.832]},"properties":{"id":"geonames-8337240","nameEn":"Samar","nameHe":"סמר","regionEn":"Southern District","regionHe":"מחוז הדרום","type":"locality"}},{"type":"Feature","geometry":{"type":"Point","coordinates":[35.32325,32.52234]},"properties":{"id":"geonames-293648","nameEn":"Sandala","nameHe":"סַנְדַלָה","regionEn":"Northern District","regionHe":"מחוז הצפון","type":"town"}},{"type":"Feature","geometry":{"type":"Point","coordinates":[35.18381,30.61422]},"properties":{"id":"geonames-385034","nameEn":"Sappir","nameHe":"ספיר","regionEn":"Southern District","regionHe":"מחוז הדרום","type":"locality"}},{"type":"Feature","geometry":{"type":"Point","coordinates":[35.22556,32.66345]},"properties":{"id":"geonames-293640","nameEn":"Sarid","nameHe":"שריד","regionEn":"Northern District","regionHe":"מחוז הצפון","type":"locality"}},{"type":"Feature","geometry":{"type":"Point","coordinates":[35.39411,33.02724]},"properties":{"id":"geonames-293637","nameEn":"Sasa","nameHe":"סאסא","regionEn":"Northern District","regionHe":"מחוז הצפון","type":"locality"}},{"type":"Feature","geometry":{"type":"Point","coordinates":[34.8777,32.04966]},"properties":{"id":"geonames-293633","nameEn":"Savyon","nameHe":"סַבְיוֹן","regionEn":"Central District","regionHe":"מחוז המרכז","type":"town"}},{"type":"Feature","geometry":{"type":"Point","coordinates":[34.68333,31.75]},"properties":{"id":"geonames-293617","nameEn":"Sde 'Uziyyahu","nameHe":"שְׂדֵה עוֹזִיָּהוּ","regionEn":"Southern District","regionHe":"מחוז הדרום","type":"town"}},{"type":"Feature","geometry":{"type":"Point","coordinates":[34.79246,30.87382]},"properties":{"id":"geonames-293628","nameEn":"Sde Boker","nameHe":"שדה בוקר","regionEn":"Southern District","regionHe":"מחוז הדרום","type":"locality"}},{"type":"Feature","geometry":{"type":"Point","coordinates":[34.68429,31.57638]},"properties":{"id":"geonames-293627","nameEn":"Sde Dawid","nameHe":"שדה דוד","regionEn":"Southern District","regionHe":"מחוז הדרום","type":"locality"}},{"type":"Feature","geometry":{"type":"Point","coordinates":[35.56466,33.04606]},"properties":{"id":"geonames-293626","nameEn":"Sde Eli'ezer","nameHe":"שדה אליעזר","regionEn":"Northern District","regionHe":"מחוז הצפון","type":"locality"}},{"type":"Feature","geometry":{"type":"Point","coordinates":[35.5127,32.43946]},"properties":{"id":"geonames-293625","nameEn":"Sde Eliyyahu","nameHe":"שדה אליהו","regionEn":"Northern District","regionHe":"מחוז הצפון","type":"locality"}},{"type":"Feature","geometry":{"type":"Point","coordinates":[34.94347,32.16043]},"properties":{"id":"geonames-293624","nameEn":"Sde Hemed","nameHe":"שְׂדֵי חֶמֶד","regionEn":"Central District","regionHe":"מחוז המרכז","type":"town"}},{"type":"Feature","geometry":{"type":"Point","coordinates":[35.42185,32.74888]},"properties":{"id":"geonames-293623","nameEn":"Sde Ilan","nameHe":"שדה אילן","regionEn":"Northern District","regionHe":"מחוז הצפון","type":"locality"}},{"type":"Feature","geometry":{"type":"Point","coordinates":[34.80174,31.61148]},"properties":{"id":"geonames-293622","nameEn":"Sde Moshe","nameHe":"שדה משה","regionEn":"Southern District","regionHe":"מחוז הדרום","type":"locality"}},{"type":"Feature","geometry":{"type":"Point","coordinates":[35.48094,32.52562]},"properties":{"id":"geonames-293621","nameEn":"Sde Nahum","nameHe":"שדה נחום","regionEn":"Northern District","regionHe":"מחוז הצפון","type":"locality"}},{"type":"Feature","geometry":{"type":"Point","coordinates":[35.62235,33.18756]},"properties":{"id":"geonames-293620","nameEn":"Sde Nehemya","nameHe":"שְׂדֵה נְחֶמְיָה","regionEn":"Northern District","regionHe":"מחוז הצפון","type":"town"}},{"type":"Feature","geometry":{"type":"Point","coordinates":[35.4875,32.44167]},"properties":{"id":"geonames-293618","nameEn":"Sde Terumot","nameHe":"שדה תרומות","regionEn":"Northern District","regionHe":"מחוז הצפון","type":"locality"}},{"type":"Feature","geometry":{"type":"Point","coordinates":[34.90722,32.20361]},"properties":{"id":"geonames-293616","nameEn":"Sde Warburg","nameHe":"שְׂדֵה וַרְבּוּרְג","regionEn":"Central District","regionHe":"מחוז המרכז","type":"town"}},{"type":"Feature","geometry":{"type":"Point","coordinates":[35.13861,32.69]},"properties":{"id":"geonames-293615","nameEn":"Sde Ya'aqov","nameHe":"שְׂדֵה יַעֲקֹב","regionEn":"Northern District","regionHe":"מחוז הצפון","type":"town"}},{"type":"Feature","geometry":{"type":"Point","coordinates":[34.993,32.405]},"properties":{"id":"geonames-293614","nameEn":"Sde Yizhaq","nameHe":"שדה יצחק","regionEn":"Haifa","regionHe":"מחוז חיפה","type":"locality"}},{"type":"Feature","geometry":{"type":"Point","coordinates":[34.67697,31.646]},"properties":{"id":"geonames-293613","nameEn":"Sde Yo'av","nameHe":"שדה יואב","regionEn":"Southern District","regionHe":"מחוז הדרום","type":"locality"}},{"type":"Feature","geometry":{"type":"Point","coordinates":[34.71298,31.44861]},"properties":{"id":"geonames-293612","nameEn":"Sde Zevi","nameHe":"שדה צבי","regionEn":"Southern District","regionHe":"מחוז הדרום","type":"locality"}},{"type":"Feature","geometry":{"type":"Point","coordinates":[34.59693,31.525]},"properties":{"id":"geonames-293619","nameEn":"Sderot","nameHe":"שדרות","regionEn":"Southern District","regionHe":"מחוז הדרום","type":"city"}},{"type":"Feature","geometry":{"type":"Point","coordinates":[34.89224,32.49213]},"properties":{"id":"geonames-293608","nameEn":"Sdot Yam","nameHe":"שְׂדוֹת יָם","regionEn":"Haifa","regionHe":"מחוז חיפה","type":"town"}},{"type":"Feature","geometry":{"type":"Point","coordinates":[35.25189,32.86602]},"properties":{"id":"geonames-293605","nameEn":"Segev","nameHe":"עַצְמוֹן","regionEn":"Northern District","regionHe":"מחוז הצפון","type":"town"}},{"type":"Feature","geometry":{"type":"Point","coordinates":[34.83956,31.19918]},"properties":{"id":"geonames-8184332","nameEn":"Segev Shalom","nameHe":"שֶׂגֶב שָׁלוֹם","regionEn":"Southern District","regionHe":"מחוז הדרום","type":"town"}},{"type":"Feature","geometry":{"type":"Point","coordinates":[34.77975,31.6709]},"properties":{"id":"geonames-293604","nameEn":"Segula","nameHe":"גת ד ג","regionEn":"Southern District","regionHe":"מחוז הדרום","type":"locality"}},{"type":"Feature","geometry":{"type":"Point","coordinates":[35.71789,33.11681]},"properties":{"id":"geonames-443101","nameEn":"Sha'al","nameHe":"שעל","regionEn":"Northern District","regionHe":"מחוז הצפון","type":"locality"}},{"type":"Feature","geometry":{"type":"Point","coordinates":[34.98722,31.86996]},"properties":{"id":"geonames-293590","nameEn":"Sha'alvim","nameHe":"שַׁעַלְבִים","regionEn":"Central District","regionHe":"מחוז המרכז","type":"town"}},{"type":"Feature","geometry":{"type":"Point","coordinates":[34.9984,32.29067]},"properties":{"id":"geonames-293585","nameEn":"Sha'ar Efrayim","nameHe":"שַׁעַר אֶפְרַיִם","regionEn":"Central District","regionHe":"מחוז המרכז","type":"town"}},{"type":"Feature","geometry":{"type":"Point","coordinates":[35.11136,32.7231]},"properties":{"id":"geonames-293583","nameEn":"Sha'ar Ha'Amaqim","nameHe":"שער העמקים","regionEn":"Haifa","regionHe":"מחוז חיפה","type":"locality"}},{"type":"Feature","geometry":{"type":"Point","coordinates":[35.60402,32.68669]},"properties":{"id":"geonames-293581","nameEn":"Sha'ar HaGolan","nameHe":"שער הגולן","regionEn":"Northern District","regionHe":"מחוז הצפון","type":"locality"}},{"type":"Feature","geometry":{"type":"Point","coordinates":[35.01561,32.4498]},"properties":{"id":"geonames-293579","nameEn":"Sha'ar Menashe","nameHe":"שער מנשה","regionEn":"Haifa","regionHe":"מחוז חיפה","type":"locality"}},{"type":"Feature","geometry":{"type":"Point","coordinates":[35.24093,32.88943]},"properties":{"id":"geonames-293595","nameEn":"Sha'av","nameHe":"שַׁעַבּ","regionEn":"Northern District","regionHe":"מחוז הצפון","type":"town"}},{"type":"Feature","geometry":{"type":"Point","coordinates":[35.4367,32.69706]},"properties":{"id":"geonames-293577","nameEn":"ShadmotDvora","nameHe":"שדמות דבורה","regionEn":"Northern District","regionHe":"מחוז הצפון","type":"locality"}},{"type":"Feature","geometry":{"type":"Point","coordinates":[34.72971,31.69686]},"properties":{"id":"geonames-293576","nameEn":"Shafir","nameHe":"שפיר","regionEn":"Southern District","regionHe":"מחוז הדרום","type":"locality"}},{"type":"Feature","geometry":{"type":"Point","coordinates":[34.72416,31.61923]},"properties":{"id":"geonames-293571","nameEn":"Shahar","nameHe":"שחר","regionEn":"Southern District","regionHe":"מחוז הדרום","type":"locality"}},{"type":"Feature","geometry":{"type":"Point","coordinates":[34.9985,29.90395]},"properties":{"id":"geonames-8336722","nameEn":"Shaharut","nameHe":"שחרות","regionEn":"Southern District","regionHe":"מחוז הדרום","type":"locality"}},{"type":"Feature","geometry":{"type":"Point","coordinates":[34.76855,31.56468]},"properties":{"id":"geonames-293560","nameEn":"Shalva","nameHe":"שלוה","regionEn":"Southern District","regionHe":"מחוז הדרום","type":"locality"}},{"type":"Feature","geometry":{"type":"Point","coordinates":[35.66035,33.16587]},"properties":{"id":"geonames-293558","nameEn":"Shamir","nameHe":"שמיר","regionEn":"Northern District","regionHe":"מחוז הצפון","type":"locality"}},{"type":"Feature","geometry":{"type":"Point","coordinates":[35.46692,32.72533]},"properties":{"id":"geonames-293548","nameEn":"Sharona","nameHe":"שרונה","regionEn":"Northern District","regionHe":"מחוז הצפון","type":"locality"}},{"type":"Feature","geometry":{"type":"Point","coordinates":[34.6038,31.40457]},"properties":{"id":"geonames-293547","nameEn":"Sharsheret","nameHe":"שרשרת","regionEn":"Southern District","regionHe":"מחוז הדרום","type":"locality"}},{"type":"Feature","geometry":{"type":"Point","coordinates":[35.08331,32.98098]},"properties":{"id":"geonames-293543","nameEn":"ShaveTsiyyon","nameHe":"שָׁבֵי צִיּוֹן","regionEn":"Northern District","regionHe":"מחוז הצפון","type":"town"}},{"type":"Feature","geometry":{"type":"Point","coordinates":[34.74366,31.83439]},"properties":{"id":"geonames-293541","nameEn":"Shdema","nameHe":"שדמה","regionEn":"Central District","regionHe":"מחוז המרכז","type":"locality"}},{"type":"Feature","geometry":{"type":"Point","coordinates":[35.6484,33.22957]},"properties":{"id":"geonames-293542","nameEn":"She'ar Yashuv","nameHe":"שאר ישוב","regionEn":"Northern District","regionHe":"מחוז הצפון","type":"locality"}},{"type":"Feature","geometry":{"type":"Point","coordinates":[35.16895,32.80583]},"properties":{"id":"geonames-293539","nameEn":"Shefar'am","nameHe":"שְׁפַרְעָם","regionEn":"Northern District","regionHe":"מחוז הצפון","type":"city"}},{"type":"Feature","geometry":{"type":"Point","coordinates":[34.82454,32.21743]},"properties":{"id":"geonames-293538","nameEn":"Shefayim","nameHe":"שְׁפָיִים","regionEn":"Central District","regionHe":"מחוז המרכז","type":"town"}},{"type":"Feature","geometry":{"type":"Point","coordinates":[35.4361,32.94374]},"properties":{"id":"geonames-293537","nameEn":"Shefer","nameHe":"שפר","regionEn":"Northern District","regionHe":"מחוז הצפון","type":"locality"}},{"type":"Feature","geometry":{"type":"Point","coordinates":[35.24682,32.84851]},"properties":{"id":"geonames-386232","nameEn":"Shekhanya","nameHe":"שכניה","regionEn":"Northern District","regionHe":"מחוז הצפון","type":"locality"}},{"type":"Feature","geometry":{"type":"Point","coordinates":[34.93783,31.51656]},"properties":{"id":"geonames-8183896","nameEn":"Sheqef","nameHe":"שקף","regionEn":"Southern District","regionHe":"מחוז הדרום","type":"locality"}},{"type":"Feature","geometry":{"type":"Point","coordinates":[35.35321,32.93338]},"properties":{"id":"geonames-293501","nameEn":"Shezor","nameHe":"שזור","regionEn":"Northern District","regionHe":"מחוז הצפון","type":"locality"}},{"type":"Feature","geometry":{"type":"Point","coordinates":[34.6079,31.39623]},"properties":{"id":"geonames-293498","nameEn":"Shibbolim","nameHe":"שבלים","regionEn":"Southern District","regionHe":"מחוז הדרום","type":"locality"}},{"type":"Feature","geometry":{"type":"Point","coordinates":[35.39252,32.69464]},"properties":{"id":"geonames-386042","nameEn":"Shibli","nameHe":"שבלי","regionEn":"Northern District","regionHe":"מחוז הצפון","type":"town"}},{"type":"Feature","geometry":{"type":"Point","coordinates":[35.39621,32.68395]},"properties":{"id":"geonames-12156807","nameEn":"Shibli-Umm al-Ghanam","nameHe":"שִׁבְּלִי-אֻם אל-עַ'נַם","regionEn":"Northern District","regionHe":"מחוז הצפון","type":"town"}},{"type":"Feature","geometry":{"type":"Point","coordinates":[35.01763,31.91931]},"properties":{"id":"geonames-8199381","nameEn":"Shilat","nameHe":"שילת","regionEn":"Israel","regionHe":"ישראל","type":"locality"}},{"type":"Feature","geometry":{"type":"Point","coordinates":[35.24409,32.73137]},"properties":{"id":"geonames-8264691","nameEn":"Shimshit","nameHe":"שִׁמְשִׁית","regionEn":"Northern District","regionHe":"מחוז הצפון","type":"town"}},{"type":"Feature","geometry":{"type":"Point","coordinates":[35.14527,33.07186]},"properties":{"id":"geonames-293522","nameEn":"Shlomi","nameHe":"שלומי","regionEn":"Northern District","regionHe":"מחוז הצפון","type":"town"}},{"type":"Feature","geometry":{"type":"Point","coordinates":[34.303,31.169]},"properties":{"id":"geonames-8068366","nameEn":"Shlomit","nameHe":"נח”ל אמתי","regionEn":"Southern District","regionHe":"מחוז הדרום","type":"locality"}},{"type":"Feature","geometry":{"type":"Point","coordinates":[35.48141,32.47152]},"properties":{"id":"geonames-293519","nameEn":"Shluhot","nameHe":"שלוחות","regionEn":"Northern District","regionHe":"מחוז הצפון","type":"locality"}},{"type":"Feature","geometry":{"type":"Point","coordinates":[35.07764,31.79867]},"properties":{"id":"geonames-293483","nameEn":"Sho'eva","nameHe":"שואבה","regionEn":"Jerusalem","regionHe":"מחוז ירושלים","type":"locality"}},{"type":"Feature","geometry":{"type":"Point","coordinates":[34.94559,31.99866]},"properties":{"id":"geonames-8428283","nameEn":"Shoham","nameHe":"שהם","regionEn":"Central District","regionHe":"מחוז המרכז","type":"city"}},{"type":"Feature","geometry":{"type":"Point","coordinates":[35.28378,33.08275]},"properties":{"id":"geonames-293482","nameEn":"Shomera","nameHe":"שומרה","regionEn":"Northern District","regionHe":"מחוז הצפון","type":"locality"}},{"type":"Feature","geometry":{"type":"Point","coordinates":[35.09497,32.95155]},"properties":{"id":"geonames-293559","nameEn":"Shomrat","nameHe":"שמרת","regionEn":"Northern District","regionHe":"מחוז הצפון","type":"locality"}},{"type":"Feature","geometry":{"type":"Point","coordinates":[34.52392,31.42218]},"properties":{"id":"geonames-293480","nameEn":"Shoqeda","nameHe":"שוקדה","regionEn":"Southern District","regionHe":"מחוז הדרום","type":"locality"}},{"type":"Feature","geometry":{"type":"Point","coordinates":[35.25972,32.89306]},"properties":{"id":"geonames-386264","nameEn":"Shorashim","nameHe":"שורשים","regionEn":"Northern District","regionHe":"מחוז הצפון","type":"locality"}},{"type":"Feature","geometry":{"type":"Point","coordinates":[35.06525,31.79711]},"properties":{"id":"geonames-293476","nameEn":"Shoresh","nameHe":"שורש","regionEn":"Jerusalem","regionHe":"מחוז ירושלים","type":"town"}},{"type":"Feature","geometry":{"type":"Point","coordinates":[34.85688,32.35409]},"properties":{"id":"geonames-8141247","nameEn":"Shoshannat Ha'Amaqim","nameHe":"שושנת העמקים","regionEn":"Central District","regionHe":"מחוז המרכז","type":"locality"}},{"type":"Feature","geometry":{"type":"Point","coordinates":[34.74378,31.41337]},"properties":{"id":"geonames-293475","nameEn":"Shoval","nameHe":"שובל","regionEn":"Southern District","regionHe":"מחוז הדרום","type":"locality"}},{"type":"Feature","geometry":{"type":"Point","coordinates":[35.3149,33.0852]},"properties":{"id":"geonames-293509","nameEn":"Shtula","nameHe":"שתולה","regionEn":"Northern District","regionHe":"מחוז הצפון","type":"locality"}},{"type":"Feature","geometry":{"type":"Point","coordinates":[34.68388,31.77354]},"properties":{"id":"geonames-293508","nameEn":"Shtulim","nameHe":"ביתניה הדרומית","regionEn":"Southern District","regionHe":"מחוז הדרום","type":"town"}},{"type":"Feature","geometry":{"type":"Point","coordinates":[34.54404,31.45094]},"properties":{"id":"geonames-293467","nameEn":"Shuva","nameHe":"שובה","regionEn":"Southern District","regionHe":"מחוז הדרום","type":"locality"}},{"type":"Feature","geometry":{"type":"Point","coordinates":[34.8438,31.89238]},"properties":{"id":"geonames-293455","nameEn":"Sitriyya","nameHe":"סִתְרִיָה","regionEn":"Central District","regionHe":"מחוז המרכז","type":"town"}},{"type":"Feature","geometry":{"type":"Point","coordinates":[35.6773,33.24073]},"properties":{"id":"geonames-443105","nameEn":"Snir","nameHe":"שניר","regionEn":"Northern District","regionHe":"מחוז הצפון","type":"locality"}},{"type":"Feature","geometry":{"type":"Point","coordinates":[34.34099,31.2366]},"properties":{"id":"geonames-8068371","nameEn":"Sufa","nameHe":"סופה","regionEn":"Southern District","regionHe":"מחוז הדרום","type":"locality"}},{"type":"Feature","geometry":{"type":"Point","coordinates":[35.33408,32.60606]},"properties":{"id":"geonames-293449","nameEn":"Sulam","nameHe":"סולם","regionEn":"Northern District","regionHe":"מחוז הצפון","type":"town"}},{"type":"Feature","geometry":{"type":"Point","coordinates":[35.44483,32.60415]},"properties":{"id":"geonames-295131","nameEn":"Taiyiba","nameHe":"א טיבה","regionEn":"Northern District","regionHe":"מחוז הצפון","type":"town"}},{"type":"Feature","geometry":{"type":"Point","coordinates":[35.18128,32.92825]},"properties":{"id":"geonames-8261862","nameEn":"Tal El","nameHe":"טַל-אֵל","regionEn":"Northern District","regionHe":"מחוז הצפון","type":"town"}},{"type":"Feature","geometry":{"type":"Point","coordinates":[34.90271,31.80466]},"properties":{"id":"geonames-293431","nameEn":"Tal Shahar","nameHe":"טַל שַׁחַר","regionEn":"Jerusalem","regionHe":"מחוז ירושלים","type":"town"}},{"type":"Feature","geometry":{"type":"Point","coordinates":[34.64487,31.43807]},"properties":{"id":"geonames-293438","nameEn":"Talme Bilu","nameHe":"תלמי בילו","regionEn":"Southern District","regionHe":"מחוז הדרום","type":"locality"}},{"type":"Feature","geometry":{"type":"Point","coordinates":[34.97717,32.44566]},"properties":{"id":"geonames-293437","nameEn":"Talme El'azar","nameHe":"תלמי אלעזר","regionEn":"Haifa","regionHe":"מחוז חיפה","type":"locality"}},{"type":"Feature","geometry":{"type":"Point","coordinates":[34.42895,31.22903]},"properties":{"id":"geonames-8068391","nameEn":"Talme Eliyyahu","nameHe":"תלמי אליהו","regionEn":"Southern District","regionHe":"מחוז הדרום","type":"locality"}},{"type":"Feature","geometry":{"type":"Point","coordinates":[34.61273,31.61734]},"properties":{"id":"geonames-293435","nameEn":"Talme Yafe","nameHe":"תלמי יפה","regionEn":"Southern District","regionHe":"מחוז הדרום","type":"locality"}},{"type":"Feature","geometry":{"type":"Point","coordinates":[34.76316,31.7521]},"properties":{"id":"geonames-293434","nameEn":"Talme Yehi'el","nameHe":"מסמיה ב","regionEn":"Southern District","regionHe":"מחוז הדרום","type":"locality"}},{"type":"Feature","geometry":{"type":"Point","coordinates":[34.36321,31.19975]},"properties":{"id":"geonames-8068329","nameEn":"Talme Yosef","nameHe":"תלמי יוסף","regionEn":"Southern District","regionHe":"מחוז הדרום","type":"locality"}},{"type":"Feature","geometry":{"type":"Point","coordinates":[35.13539,31.93927]},"properties":{"id":"geonames-8199392","nameEn":"Talmon","nameHe":"טַלְמוֹן","regionEn":"Israel","regionHe":"ישראל","type":"town"}},{"type":"Feature","geometry":{"type":"Point","coordinates":[35.1987,32.85301]},"properties":{"id":"geonames-293426","nameEn":"Tamra","nameHe":"טמרה","regionEn":"Northern District","regionHe":"מחוז הצפון","type":"city"}},{"type":"Feature","geometry":{"type":"Point","coordinates":[34.98096,31.78289]},"properties":{"id":"geonames-293419","nameEn":"Tarum","nameHe":"תרום","regionEn":"Jerusalem","regionHe":"מחוז ירושלים","type":"locality"}},{"type":"Feature","geometry":{"type":"Point","coordinates":[35.42402,32.86791]},"properties":{"id":"geonames-386247","nameEn":"Tefahot","nameHe":"טפחות","regionEn":"Northern District","regionHe":"מחוז הצפון","type":"locality"}},{"type":"Feature","geometry":{"type":"Point","coordinates":[35.30216,32.65627]},"properties":{"id":"geonames-293410","nameEn":"Tel 'Adashim","nameHe":"תֵּל עֲדָשִׁים","regionEn":"Northern District","regionHe":"מחוז הצפון","type":"town"}},{"type":"Feature","geometry":{"type":"Point","coordinates":[34.78057,32.08088]},"properties":{"id":"geonames-293397","nameEn":"Tel Aviv","nameHe":"תל אביב","regionEn":"Tel Aviv","regionHe":"מחוז תל אביב","type":"city"}},{"type":"Feature","geometry":{"type":"Point","coordinates":[34.91737,32.24995]},"properties":{"id":"geonames-293354","nameEn":"Tel Mond","nameHe":"תל מונד","regionEn":"Central District","regionHe":"מחוז המרכז","type":"town"}},{"type":"Feature","geometry":{"type":"Point","coordinates":[35.61761,32.70545]},"properties":{"id":"geonames-163684","nameEn":"Tel Qatsir","nameHe":"קָצִיר","regionEn":"Northern District","regionHe":"מחוז הצפון","type":"town"}},{"type":"Feature","geometry":{"type":"Point","coordinates":[34.86007,31.24864]},"properties":{"id":"geonames-8310136","nameEn":"Tel Sheva'","nameHe":"תֵּל שֶׁבַע","regionEn":"Southern District","regionHe":"מחוז הדרום","type":"city"}},{"type":"Feature","geometry":{"type":"Point","coordinates":[35.39919,32.55646]},"properties":{"id":"geonames-293334","nameEn":"Tel Yosef","nameHe":"תל יוסף","regionEn":"Northern District","regionHe":"מחוז הצפון","type":"locality"}},{"type":"Feature","geometry":{"type":"Point","coordinates":[34.77035,30.99268]},"properties":{"id":"geonames-6413459","nameEn":"Telalim","nameHe":"טללים","regionEn":"Southern District","regionHe":"מחוז הדרום","type":"locality"}},{"type":"Feature","geometry":{"type":"Point","coordinates":[34.67177,31.56471]},"properties":{"id":"geonames-293406","nameEn":"Telamim","nameHe":"תלמים","regionEn":"Southern District","regionHe":"מחוז הדרום","type":"locality"}},{"type":"Feature","geometry":{"type":"Point","coordinates":[34.87034,32.25327]},"properties":{"id":"geonames-293336","nameEn":"TelYitshaq","nameHe":"תֵּל יִצְחָק","regionEn":"Central District","regionHe":"מחוז המרכז","type":"town"}},{"type":"Feature","geometry":{"type":"Point","coordinates":[34.57816,31.44984]},"properties":{"id":"geonames-293327","nameEn":"Tequma","nameHe":"תקומה","regionEn":"Southern District","regionHe":"מחוז הדרום","type":"locality"}},{"type":"Feature","geometry":{"type":"Point","coordinates":[35.53124,32.79221]},"properties":{"id":"geonames-293322","nameEn":"Tiberias","nameHe":"טבריה","regionEn":"Northern District","regionHe":"מחוז הצפון","type":"city"}},{"type":"Feature","geometry":{"type":"Point","coordinates":[34.62961,31.37899]},"properties":{"id":"geonames-293320","nameEn":"Tidhar","nameHe":"תדהר","regionEn":"Southern District","regionHe":"מחוז הדרום","type":"locality"}},{"type":"Feature","geometry":{"type":"Point","coordinates":[34.67689,31.32657]},"properties":{"id":"geonames-293319","nameEn":"Tifrah","nameHe":"תִּפְרַח","regionEn":"Southern District","regionHe":"מחוז הדרום","type":"town"}},{"type":"Feature","geometry":{"type":"Point","coordinates":[34.76127,31.71534]},"properties":{"id":"geonames-293317","nameEn":"Timmorim","nameHe":"תמורים","regionEn":"Southern District","regionHe":"מחוז הדרום","type":"locality"}},{"type":"Feature","geometry":{"type":"Point","coordinates":[35.22359,32.70302]},"properties":{"id":"geonames-293310","nameEn":"Timrat","nameHe":"תמרת","regionEn":"Northern District","regionHe":"מחוז הצפון","type":"town"}},{"type":"Feature","geometry":{"type":"Point","coordinates":[34.73867,31.34479]},"properties":{"id":"geonames-12156768","nameEn":"Tirabin al-Sana","nameHe":"תראבין א-צאנע","regionEn":"Southern District","regionHe":"מחוז הדרום","type":"town"}},{"type":"Feature","geometry":{"type":"Point","coordinates":[34.97183,32.76021]},"properties":{"id":"geonames-293308","nameEn":"Tirat Karmel","nameHe":"טירת כרמל","regionEn":"Haifa","regionHe":"מחוז חיפה","type":"city"}},{"type":"Feature","geometry":{"type":"Point","coordinates":[34.9342,32.01392]},"properties":{"id":"geonames-293305","nameEn":"Tirat Yehuda","nameHe":"טירת יהודה","regionEn":"Central District","regionHe":"מחוז המרכז","type":"town"}},{"type":"Feature","geometry":{"type":"Point","coordinates":[34.88674,31.7492]},"properties":{"id":"geonames-293303","nameEn":"Tirosh","nameHe":"תירוש","regionEn":"Jerusalem","regionHe":"מחוז ירושלים","type":"locality"}},{"type":"Feature","geometry":{"type":"Point","coordinates":[34.94371,31.66079]},"properties":{"id":"geonames-293134","nameEn":"Tsafririm","nameHe":"צפרירים","regionEn":"Jerusalem","regionHe":"מחוז ירושלים","type":"locality"}},{"type":"Feature","geometry":{"type":"Point","coordinates":[34.85588,32.00354]},"properties":{"id":"geonames-293133","nameEn":"Tsafriyya","nameHe":"צַפְרִיָּה","regionEn":"Central District","regionHe":"מחוז המרכז","type":"locality"}},{"type":"Feature","geometry":{"type":"Point","coordinates":[34.9321,31.80462]},"properties":{"id":"geonames-293092","nameEn":"Tselafon","nameHe":"כפר אוריה ב","regionEn":"Jerusalem","regionHe":"מחוז ירושלים","type":"town"}},{"type":"Feature","geometry":{"type":"Point","coordinates":[35.28003,32.74535]},"properties":{"id":"geonames-293057","nameEn":"Tsippori","nameHe":"ציפורי","regionEn":"Northern District","regionHe":"מחוז הצפון","type":"locality"}},{"type":"Feature","geometry":{"type":"Point","coordinates":[34.91957,32.19423]},"properties":{"id":"geonames-293038","nameEn":"Tsofit","nameHe":"צופית","regionEn":"Central District","regionHe":"מחוז המרכז","type":"town"}},{"type":"Feature","geometry":{"type":"Point","coordinates":[34.42042,31.23936]},"properties":{"id":"geonames-8068393","nameEn":"Tsohar","nameHe":"צוחר","regionEn":"Southern District","regionHe":"מחוז הדרום","type":"locality"}},{"type":"Feature","geometry":{"type":"Point","coordinates":[34.94991,32.64824]},"properties":{"id":"geonames-293080","nameEn":"Tsrufa","nameHe":"צְרוּפָה","regionEn":"Haifa","regionHe":"מחוז חיפה","type":"town"}},{"type":"Feature","geometry":{"type":"Point","coordinates":[34.99788,32.24047]},"properties":{"id":"geonames-11979772","nameEn":"Tsur Itshak","nameHe":"צוּר יִצְחָק","regionEn":"Central District","regionHe":"מחוז המרכז","type":"town"}},{"type":"Feature","geometry":{"type":"Point","coordinates":[35.09708,31.71912]},"properties":{"id":"geonames-293020","nameEn":"TsurHadassa","nameHe":"צור הדסה","regionEn":"Jerusalem","regionHe":"מחוז ירושלים","type":"town"}},{"type":"Feature","geometry":{"type":"Point","coordinates":[34.91313,32.29819]},"properties":{"id":"geonames-293014","nameEn":"TsurMoshe","nameHe":"צור משה","regionEn":"Central District","regionHe":"מחוז המרכז","type":"town"}},{"type":"Feature","geometry":{"type":"Point","coordinates":[35.01317,32.24091]},"properties":{"id":"geonames-293013","nameEn":"TsurNatan","nameHe":"צור נתן","regionEn":"Central District","regionHe":"מחוז המרכז","type":"locality"}},{"type":"Feature","geometry":{"type":"Point","coordinates":[35.59304,32.96606]},"properties":{"id":"geonames-293298","nameEn":"Tuba Zangariya","nameHe":"טוּבָּא-זַנְגָרִיָה","regionEn":"Northern District","regionHe":"מחוז הצפון","type":"town"}},{"type":"Feature","geometry":{"type":"Point","coordinates":[34.54109,31.43327]},"properties":{"id":"geonames-293293","nameEn":"Tushiyya","nameHe":"תּוּשִׁיָּה","regionEn":"Southern District","regionHe":"מחוז הדרום","type":"locality"}},{"type":"Feature","geometry":{"type":"Point","coordinates":[35.24501,32.92859]},"properties":{"id":"geonames-386352","nameEn":"Tuval","nameHe":"תובל","regionEn":"Northern District","regionHe":"מחוז הצפון","type":"locality"}},{"type":"Feature","geometry":{"type":"Point","coordinates":[35.11926,31.78377]},"properties":{"id":"geonames-293023","nameEn":"Tzova","nameHe":"צובה","regionEn":"Jerusalem","regionHe":"מחוז ירושלים","type":"locality"}},{"type":"Feature","geometry":{"type":"Point","coordinates":[34.84549,32.26496]},"properties":{"id":"geonames-293291","nameEn":"Udim","nameHe":"אודים","regionEn":"Central District","regionHe":"מחוז המרכז","type":"town"}},{"type":"Feature","geometry":{"type":"Point","coordinates":[34.88246,31.27735]},"properties":{"id":"geonames-12156429","nameEn":"Umm Batin","nameHe":"אום בטין","regionEn":"Southern District","regionHe":"מחוז הדרום","type":"town"}},{"type":"Feature","geometry":{"type":"Point","coordinates":[35.15349,32.51725]},"properties":{"id":"geonames-293286","nameEn":"Umm el Fahm","nameHe":"אם אל פחם","regionEn":"Haifa","regionHe":"מחוז חיפה","type":"city"}},{"type":"Feature","geometry":{"type":"Point","coordinates":[35.05811,32.46718]},"properties":{"id":"geonames-293284","nameEn":"Umm el Qutuf","nameHe":"אום אל-קוטוף","regionEn":"Haifa","regionHe":"מחוז חיפה","type":"town"}},{"type":"Feature","geometry":{"type":"Point","coordinates":[34.52328,31.30433]},"properties":{"id":"geonames-293279","nameEn":"Urim","nameHe":"אורים","regionEn":"Southern District","regionHe":"מחוז הדרום","type":"locality"}},{"type":"Feature","geometry":{"type":"Point","coordinates":[35.11511,32.79509]},"properties":{"id":"geonames-293278","nameEn":"Usha","nameHe":"אושה","regionEn":"Haifa","regionHe":"מחוז חיפה","type":"locality"}},{"type":"Feature","geometry":{"type":"Point","coordinates":[35.24166,32.87953]},"properties":{"id":"geonames-8261948","nameEn":"Ya'ad","nameHe":"יעד","regionEn":"Northern District","regionHe":"מחוז הצפון","type":"locality"}},{"type":"Feature","geometry":{"type":"Point","coordinates":[35.18737,33.06761]},"properties":{"id":"geonames-293264","nameEn":"Ya'ara","nameHe":"יערה","regionEn":"Northern District","regionHe":"מחוז הצפון","type":"locality"}},{"type":"Feature","geometry":{"type":"Point","coordinates":[34.82083,31.7974]},"properties":{"id":"geonames-293262","nameEn":"Yad Binyamin","nameHe":"יַד בִּנְיָמִין","regionEn":"Central District","regionHe":"מחוז המרכז","type":"town"}},{"type":"Feature","geometry":{"type":"Point","coordinates":[35.00745,32.32561]},"properties":{"id":"geonames-293259","nameEn":"Yad Hanna","nameHe":"יד חנה","regionEn":"Central District","regionHe":"מחוז המרכז","type":"locality"}},{"type":"Feature","geometry":{"type":"Point","coordinates":[34.55815,31.58902]},"properties":{"id":"geonames-293258","nameEn":"Yad Mordekhay","nameHe":"יד מרדכי","regionEn":"Southern District","regionHe":"מחוז הדרום","type":"locality"}},{"type":"Feature","geometry":{"type":"Point","coordinates":[34.90027,31.89997]},"properties":{"id":"geonames-293256","nameEn":"Yad Rambam","nameHe":"יד רמב’’ם","regionEn":"Central District","regionHe":"מחוז המרכז","type":"town"}},{"type":"Feature","geometry":{"type":"Point","coordinates":[35.27832,32.68923]},"properties":{"id":"geonames-293254","nameEn":"Yafa","nameHe":"יפא","regionEn":"Northern District","regionHe":"מחוז הצפון","type":"town"}},{"type":"Feature","geometry":{"type":"Point","coordinates":[34.88026,31.98775]},"properties":{"id":"geonames-293249","nameEn":"Yagel","nameHe":"יגל","regionEn":"Central District","regionHe":"מחוז המרכז","type":"locality"}},{"type":"Feature","geometry":{"type":"Point","coordinates":[35.0774,32.7421]},"properties":{"id":"geonames-293248","nameEn":"Yagur","nameHe":"יגור","regionEn":"Haifa","regionHe":"מחוז חיפה","type":"town"}},{"type":"Feature","geometry":{"type":"Point","coordinates":[35.12817,30.08364]},"properties":{"id":"geonames-385028","nameEn":"Yahel","nameHe":"יהל","regionEn":"Southern District","regionHe":"מחוז הדרום","type":"locality"}},{"type":"Feature","geometry":{"type":"Point","coordinates":[34.59911,31.48274]},"properties":{"id":"geonames-293242","nameEn":"Yakhini","nameHe":"יכיני","regionEn":"Southern District","regionHe":"מחוז הדרום","type":"locality"}},{"type":"Feature","geometry":{"type":"Point","coordinates":[35.23806,32.9798]},"properties":{"id":"geonames-11979655","nameEn":"Yanuah Jat","nameHe":"יָנוּחַ-גַ'תּ","regionEn":"Northern District","regionHe":"מחוז הצפון","type":"town"}},{"type":"Feature","geometry":{"type":"Point","coordinates":[35.2491,32.98515]},"properties":{"id":"geonames-12156671","nameEn":"Yanuh-Jat","nameHe":"יאנוח-ג'ת","regionEn":"Northern District","regionHe":"מחוז הצפון","type":"town"}},{"type":"Feature","geometry":{"type":"Point","coordinates":[34.9503,32.30627]},"properties":{"id":"geonames-293235","nameEn":"Yanuv","nameHe":"יָנוּב","regionEn":"Central District","regionHe":"מחוז המרכז","type":"locality"}},{"type":"Feature","geometry":{"type":"Point","coordinates":[34.84323,32.24895]},"properties":{"id":"geonames-293233","nameEn":"Yaqum","nameHe":"יקום","regionEn":"Central District","regionHe":"מחוז המרכז","type":"locality"}},{"type":"Feature","geometry":{"type":"Point","coordinates":[35.56488,32.56563]},"properties":{"id":"geonames-293232","nameEn":"Yardena","nameHe":"ירדנה","regionEn":"Northern District","regionHe":"מחוז הצפון","type":"locality"}},{"type":"Feature","geometry":{"type":"Point","coordinates":[34.9679,32.15239]},"properties":{"id":"geonames-293231","nameEn":"Yarhiv","nameHe":"יַרְחִיב","regionEn":"Central District","regionHe":"מחוז המרכז","type":"town"}},{"type":"Feature","geometry":{"type":"Point","coordinates":[34.89848,32.14599]},"properties":{"id":"geonames-293229","nameEn":"Yarqona","nameHe":"ירקונה","regionEn":"Central District","regionHe":"מחוז המרכז","type":"locality"}},{"type":"Feature","geometry":{"type":"Point","coordinates":[35.16578,32.90038]},"properties":{"id":"geonames-293227","nameEn":"Yas'ur","nameHe":"יסעור","regionEn":"Northern District","regionHe":"מחוז הצפון","type":"locality"}},{"type":"Feature","geometry":{"type":"Point","coordinates":[34.84911,31.91481]},"properties":{"id":"geonames-293228","nameEn":"Yashresh","nameHe":"יַשְׁרֵשׁ","regionEn":"Central District","regionHe":"מחוז המרכז","type":"town"}},{"type":"Feature","geometry":{"type":"Point","coordinates":[34.32757,31.20648]},"properties":{"id":"geonames-8068328","nameEn":"Yated","nameHe":"יתד","regionEn":"Southern District","regionHe":"מחוז הדרום","type":"locality"}},{"type":"Feature","geometry":{"type":"Point","coordinates":[34.8614,31.86396]},"properties":{"id":"geonames-293215","nameEn":"Yatsits","nameHe":"יציץ","regionEn":"Central District","regionHe":"מחוז המרכז","type":"locality"}},{"type":"Feature","geometry":{"type":"Point","coordinates":[34.73983,31.87808]},"properties":{"id":"geonames-293222","nameEn":"Yavne","nameHe":"יבנה","regionEn":"Central District","regionHe":"מחוז המרכז","type":"city"}},{"type":"Feature","geometry":{"type":"Point","coordinates":[35.50435,32.70619]},"properties":{"id":"geonames-293220","nameEn":"Yavne'el","nameHe":"בית גן","regionEn":"Northern District","regionHe":"מחוז הצפון","type":"town"}},{"type":"Feature","geometry":{"type":"Point","coordinates":[34.9654,32.26759]},"properties":{"id":"geonames-8141169","nameEn":"Ye'af","nameHe":"יעף","regionEn":"Central District","regionHe":"מחוז המרכז","type":"locality"}},{"type":"Feature","geometry":{"type":"Point","coordinates":[35.22078,32.99663]},"properties":{"id":"geonames-293209","nameEn":"Yehi'am","nameHe":"יחיעם","regionEn":"Northern District","regionHe":"מחוז הצפון","type":"locality"}},{"type":"Feature","geometry":{"type":"Point","coordinates":[34.89091,32.03317]},"properties":{"id":"geonames-293207","nameEn":"Yehud","nameHe":"יהוד","regionEn":"Central District","regionHe":"מחוז המרכז","type":"city"}},{"type":"Feature","geometry":{"type":"Point","coordinates":[34.8796,32.0284]},"properties":{"id":"geonames-10227184","nameEn":"Yehud-Monosson","nameHe":"יהוד-מונוסון","regionEn":"Tel Aviv","regionHe":"מחוז תל אביב","type":"city"}},{"type":"Feature","geometry":{"type":"Point","coordinates":[34.93176,30.98822]},"properties":{"id":"geonames-293203","nameEn":"Yeroham","nameHe":"ירוחם","regionEn":"Southern District","regionHe":"מחוז הדרום","type":"town"}},{"type":"Feature","geometry":{"type":"Point","coordinates":[34.40276,31.24729]},"properties":{"id":"geonames-293194","nameEn":"Yesha'","nameHe":"ישע","regionEn":"Southern District","regionHe":"מחוז הדרום","type":"locality"}},{"type":"Feature","geometry":{"type":"Point","coordinates":[35.61033,33.0592]},"properties":{"id":"geonames-293191","nameEn":"Yesud HaMa'ala","nameHe":"יְסוּד הַמַּעֲלָ","regionEn":"Northern District","regionHe":"מחוז הצפון","type":"town"}},{"type":"Feature","geometry":{"type":"Point","coordinates":[34.31706,31.18893]},"properties":{"id":"geonames-8068292","nameEn":"Yevul","nameHe":"יבול","regionEn":"Southern District","regionHe":"מחוז הדרום","type":"locality"}},{"type":"Feature","geometry":{"type":"Point","coordinates":[35.22333,32.6775]},"properties":{"id":"geonames-293187","nameEn":"Yif'at","nameHe":"יִפְעַת","regionEn":"Northern District","regionHe":"מחוז הצפון","type":"town"}},{"type":"Feature","geometry":{"type":"Point","coordinates":[35.55231,33.12884]},"properties":{"id":"geonames-293186","nameEn":"Yiftah","nameHe":"יפתח","regionEn":"Northern District","regionHe":"מחוז הצפון","type":"locality"}},{"type":"Feature","geometry":{"type":"Point","coordinates":[34.78229,31.74199]},"properties":{"id":"geonames-293182","nameEn":"Yinnon","nameHe":"יִנּוֹן","regionEn":"Southern District","regionHe":"מחוז הדרום","type":"town"}},{"type":"Feature","geometry":{"type":"Point","coordinates":[35.4546,33.07757]},"properties":{"id":"geonames-293180","nameEn":"Yir'on","nameHe":"יראון","regionEn":"Northern District","regionHe":"מחוז הצפון","type":"locality"}},{"type":"Feature","geometry":{"type":"Point","coordinates":[35.21197,32.95435]},"properties":{"id":"geonames-293181","nameEn":"Yirka","nameHe":"יִרְכָּא","regionEn":"Northern District","regionHe":"מחוז הצפון","type":"town"}},{"type":"Feature","geometry":{"type":"Point","coordinates":[34.96653,31.75064]},"properties":{"id":"geonames-293177","nameEn":"Yish'i","nameHe":"ישעי","regionEn":"Jerusalem","regionHe":"מחוז ירושלים","type":"locality"}},{"type":"Feature","geometry":{"type":"Point","coordinates":[35.32045,32.56289]},"properties":{"id":"geonames-293166","nameEn":"Yizre'el","nameHe":"יזראעל","regionEn":"Northern District","regionHe":"מחוז הצפון","type":"locality"}},{"type":"Feature","geometry":{"type":"Point","coordinates":[35.10382,32.65385]},"properties":{"id":"geonames-293153","nameEn":"Yoqne'am 'Illit","nameHe":"יָקְנְעָם עילית","regionEn":"Northern District","regionHe":"מחוז הצפון","type":"city"}},{"type":"Feature","geometry":{"type":"Point","coordinates":[35.11381,32.65497]},"properties":{"id":"geonames-11979661","nameEn":"Yoqneam","nameHe":"יָקְנְעָם","regionEn":"Northern District","regionHe":"מחוז הצפון","type":"town"}},{"type":"Feature","geometry":{"type":"Point","coordinates":[35.06127,29.89549]},"properties":{"id":"geonames-293148","nameEn":"Yotvata","nameHe":"יטבתה","regionEn":"Southern District","regionHe":"מחוז הדרום","type":"locality"}},{"type":"Feature","geometry":{"type":"Point","coordinates":[35.59811,33.24748]},"properties":{"id":"geonames-293144","nameEn":"Yuval","nameHe":"יובל","regionEn":"Northern District","regionHe":"מחוז הצפון","type":"locality"}},{"type":"Feature","geometry":{"type":"Point","coordinates":[35.27031,32.87756]},"properties":{"id":"geonames-386266","nameEn":"Yuvallim","nameHe":"יוּבַלִּים","regionEn":"Northern District","regionHe":"מחוז הצפון","type":"town"}},{"type":"Feature","geometry":{"type":"Point","coordinates":[35.1852,32.54805]},"properties":{"id":"geonames-293126","nameEn":"Zalafa","nameHe":"זלפה","regionEn":"Haifa","regionHe":"מחוז חיפה","type":"town"}},{"type":"Feature","geometry":{"type":"Point","coordinates":[34.99967,31.73236]},"properties":{"id":"geonames-293117","nameEn":"Zanoah","nameHe":"זנוח","regionEn":"Jerusalem","regionHe":"מחוז ירושלים","type":"locality"}},{"type":"Feature","geometry":{"type":"Point","coordinates":[35.2889,33.09955]},"properties":{"id":"geonames-293115","nameEn":"Zar'it","nameHe":"זרעית","regionEn":"Northern District","regionHe":"מחוז הצפון","type":"locality"}},{"type":"Feature","geometry":{"type":"Point","coordinates":[35.21381,32.72754]},"properties":{"id":"geonames-8264669","nameEn":"Zarzir","nameHe":"זרזיר","regionEn":"Northern District","regionHe":"מחוז הצפון","type":"town"}},{"type":"Feature","geometry":{"type":"Point","coordinates":[34.7612,31.65837]},"properties":{"id":"geonames-293112","nameEn":"Zavdi'el","nameHe":"זבדיאל","regionEn":"Southern District","regionHe":"מחוז הדרום","type":"locality"}},{"type":"Feature","geometry":{"type":"Point","coordinates":[34.94488,31.70927]},"properties":{"id":"geonames-293094","nameEn":"Zekharya","nameHe":"זְכַרְיָה","regionEn":"Jerusalem","regionHe":"מחוז ירושלים","type":"town"}},{"type":"Feature","geometry":{"type":"Point","coordinates":[35.03312,32.36658]},"properties":{"id":"geonames-8142386","nameEn":"Zemer","nameHe":"זמר","regionEn":"Central District","regionHe":"מחוז המרכז","type":"town"}},{"type":"Feature","geometry":{"type":"Point","coordinates":[34.88928,31.97534]},"properties":{"id":"geonames-293078","nameEn":"Zetan","nameHe":"זֵיתָן","regionEn":"Central District","regionHe":"מחוז המרכז","type":"town"}},{"type":"Feature","geometry":{"type":"Point","coordinates":[34.95628,32.56645]},"properties":{"id":"geonames-293067","nameEn":"Zikhron Ya'aqov","nameHe":"זִכְרוֹן יַעֲקֹב","regionEn":"Haifa","regionHe":"מחוז חיפה","type":"city"}},{"type":"Feature","geometry":{"type":"Point","coordinates":[34.55401,31.44784]},"properties":{"id":"geonames-293066","nameEn":"Zimrat","nameHe":"זמרת","regionEn":"Southern District","regionHe":"מחוז הדרום","type":"locality"}},{"type":"Feature","geometry":{"type":"Point","coordinates":[34.52154,31.60681]},"properties":{"id":"geonames-293050","nameEn":"Ziqim","nameHe":"זיקים","regionEn":"Southern District","regionHe":"מחוז הדרום","type":"locality"}}]}
